0,1,2
LATVIA_LITHUANIA_2019-05-29_2019-06-10-0-0-15-27.tiff,LATVIA_LITHUANIA_2019-05-29_2019-06-10-1-0-15-27.tiff,LATVIA_LITHUANIA_2019-05-29_2019-06-10-2-0-15-27.tiff
LATVIA_LITHUANIA_2019-05-29_2019-06-10-0-0-16-27.tiff,LATVIA_LITHUANIA_2019-05-29_2019-06-10-1-0-16-27.tiff,LATVIA_LITHUANIA_2019-05-29_2019-06-10-2-0-16-27.tiff
LATVIA_LITHUANIA_2019-05-29_2019-06-10-0-0-16-29.tiff,LATVIA_LITHUANIA_2019-05-29_2019-06-10-1-0-16-29.tiff,LATVIA_LITHUANIA_2019-05-29_2019-06-10-2-0-16-29.tiff
LATVIA_LITHUANIA_2019-05-29_2019-06-10-0-0-16-30.tiff,LATVIA_LITHUANIA_2019-05-29_2019-06-10-1-0-16-30.tiff,LATVIA_LITHUANIA_2019-05-29_2019-06-10-2-0-16-30.tiff
LATVIA_LITHUANIA_2019-05-29_2019-06-10-0-0-17-30.tiff,LATVIA_LITHUANIA_2019-05-29_2019-06-10-1-0-17-30.tiff,LATVIA_LITHUANIA_2019-05-29_2019-06-10-2-0-17-30.tiff
LATVIA_LITHUANIA_2019-05-29_2019-06-10-0-0-17-31.tiff,LATVIA_LITHUANIA_2019-05-29_2019-06-10-1-0-17-31.tiff,LATVIA_LITHUANIA_2019-05-29_2019-06-10-2-0-17-31.tiff
LATVIA_LITHUANIA_2019-05-29_2019-06-10-0-0-17-32.tiff,LATVIA_LITHUANIA_2019-05-29_2019-06-10-1-0-17-32.tiff,LATVIA_LITHUANIA_2019-05-29_2019-06-10-2-0-17-32.tiff
LATVIA_LITHUANIA_2019-05-29_2019-06-10-0-0-18-31.tiff,LATVIA_LITHUANIA_2019-05-29_2019-06-10-1-0-18-31.tiff,LATVIA_LITHUANIA_2019-05-29_2019-06-10-2-0-18-31.tiff
LATVIA_LITHUANIA_2019-05-29_2019-06-10-0-0-18-32.tiff,LATVIA_LITHUANIA_2019-05-29_2019-06-10-1-0-18-32.tiff,LATVIA_LITHUANIA_2019-05-29_2019-06-10-2-0-18-32.tiff
LATVIA_LITHUANIA_2019-05-29_2019-06-10-0-0-19-30.tiff,LATVIA_LITHUANIA_2019-05-29_2019-06-10-1-0-19-30.tiff,LATVIA_LITHUANIA_2019-05-29_2019-06-10-2-0-19-30.tiff
LATVIA_LITHUANIA_2019-05-29_2019-06-10-0-0-19-32.tiff,LATVIA_LITHUANIA_2019-05-29_2019-06-10-1-0-19-32.tiff,LATVIA_LITHUANIA_2019-05-29_2019-06-10-2-0-19-32.tiff
LATVIA_LITHUANIA_2019-05-29_2019-06-10-0-0-20-31.tiff,LATVIA_LITHUANIA_2019-05-29_2019-06-10-1-0-20-31.tiff,LATVIA_LITHUANIA_2019-05-29_2019-06-10-2-0-20-31.tiff
LATVIA_LITHUANIA_2019-05-29_2019-06-10-0-0-20-32.tiff,LATVIA_LITHUANIA_2019-05-29_2019-06-10-1-0-20-32.tiff,LATVIA_LITHUANIA_2019-05-29_2019-06-10-2-0-20-32.tiff
LATVIA_LITHUANIA_2019-05-29_2019-06-10-0-0-21-31.tiff,LATVIA_LITHUANIA_2019-05-29_2019-06-10-1-0-21-31.tiff,LATVIA_LITHUANIA_2019-05-29_2019-06-10-2-0-21-31.tiff
LATVIA_LITHUANIA_2019-05-29_2019-06-10-0-0-22-32.tiff,LATVIA_LITHUANIA_2019-05-29_2019-06-10-1-0-22-32.tiff,LATVIA_LITHUANIA_2019-05-29_2019-06-10-2-0-22-32.tiff
GERMANY_ERFURTH_2020-03-31_2020-04-18-0-0-3-18.tiff,GERMANY_ERFURTH_2020-03-31_2020-04-18-1-0-3-18.tiff,GERMANY_ERFURTH_2020-03-31_2020-04-18-2-0-3-18.tiff
GERMANY_ERFURTH_2020-03-31_2020-04-18-0-0-14-9.tiff,GERMANY_ERFURTH_2020-03-31_2020-04-18-1-0-14-9.tiff,GERMANY_ERFURTH_2020-03-31_2020-04-18-2-0-14-9.tiff
UKRAINE_KONOTOP_2020-09-01_2020-09-13-0-0-0-0.tiff,UKRAINE_KONOTOP_2020-09-01_2020-09-13-1-0-0-0.tiff,UKRAINE_KONOTOP_2020-09-01_2020-09-13-2-0-0-0.tiff
UKRAINE_KONOTOP_2020-09-01_2020-09-13-0-0-0-1.tiff,UKRAINE_KONOTOP_2020-09-01_2020-09-13-1-0-0-1.tiff,UKRAINE_KONOTOP_2020-09-01_2020-09-13-2-0-0-1.tiff
UKRAINE_KONOTOP_2020-09-01_2020-09-13-0-0-0-2.tiff,UKRAINE_KONOTOP_2020-09-01_2020-09-13-1-0-0-2.tiff,UKRAINE_KONOTOP_2020-09-01_2020-09-13-2-0-0-2.tiff
UKRAINE_KONOTOP_2020-09-01_2020-09-13-0-0-1-0.tiff,UKRAINE_KONOTOP_2020-09-01_2020-09-13-1-0-1-0.tiff,UKRAINE_KONOTOP_2020-09-01_2020-09-13-2-0-1-0.tiff
UKRAINE_KONOTOP_2020-09-01_2020-09-13-0-0-1-1.tiff,UKRAINE_KONOTOP_2020-09-01_2020-09-13-1-0-1-1.tiff,UKRAINE_KONOTOP_2020-09-01_2020-09-13-2-0-1-1.tiff
UKRAINE_KONOTOP_2020-09-01_2020-09-13-0-0-1-2.tiff,UKRAINE_KONOTOP_2020-09-01_2020-09-13-1-0-1-2.tiff,UKRAINE_KONOTOP_2020-09-01_2020-09-13-2-0-1-2.tiff
SPAIN_BADAJOZ_2018-10-18_2018-10-30-0-0-11-2.tiff,SPAIN_BADAJOZ_2018-10-18_2018-10-30-1-0-11-2.tiff,SPAIN_BADAJOZ_2018-10-18_2018-10-30-2-0-11-2.tiff
SPAIN_BADAJOZ_2018-10-18_2018-10-30-0-0-12-2.tiff,SPAIN_BADAJOZ_2018-10-18_2018-10-30-1-0-12-2.tiff,SPAIN_BADAJOZ_2018-10-18_2018-10-30-2-0-12-2.tiff
SPAIN_BADAJOZ_2018-10-18_2018-10-30-0-0-12-12.tiff,SPAIN_BADAJOZ_2018-10-18_2018-10-30-1-0-12-12.tiff,SPAIN_BADAJOZ_2018-10-18_2018-10-30-2-0-12-12.tiff
SPAIN_BADAJOZ_2018-10-18_2018-10-30-0-0-14-4.tiff,SPAIN_BADAJOZ_2018-10-18_2018-10-30-1-0-14-4.tiff,SPAIN_BADAJOZ_2018-10-18_2018-10-30-2-0-14-4.tiff
SPAIN_BADAJOZ_2018-10-18_2018-10-30-0-0-14-8.tiff,SPAIN_BADAJOZ_2018-10-18_2018-10-30-1-0-14-8.tiff,SPAIN_BADAJOZ_2018-10-18_2018-10-30-2-0-14-8.tiff
SPAIN_BADAJOZ_2018-10-18_2018-10-30-0-0-14-9.tiff,SPAIN_BADAJOZ_2018-10-18_2018-10-30-1-0-14-9.tiff,SPAIN_BADAJOZ_2018-10-18_2018-10-30-2-0-14-9.tiff
SPAIN_BADAJOZ_2018-10-18_2018-10-30-0-0-14-10.tiff,SPAIN_BADAJOZ_2018-10-18_2018-10-30-1-0-14-10.tiff,SPAIN_BADAJOZ_2018-10-18_2018-10-30-2-0-14-10.tiff
SPAIN_BADAJOZ_2018-10-18_2018-10-30-0-0-15-8.tiff,SPAIN_BADAJOZ_2018-10-18_2018-10-30-1-0-15-8.tiff,SPAIN_BADAJOZ_2018-10-18_2018-10-30-2-0-15-8.tiff
SPAIN_BADAJOZ_2018-10-18_2018-10-30-0-0-15-9.tiff,SPAIN_BADAJOZ_2018-10-18_2018-10-30-1-0-15-9.tiff,SPAIN_BADAJOZ_2018-10-18_2018-10-30-2-0-15-9.tiff
SPAIN_BADAJOZ_2018-10-18_2018-10-30-0-0-15-10.tiff,SPAIN_BADAJOZ_2018-10-18_2018-10-30-1-0-15-10.tiff,SPAIN_BADAJOZ_2018-10-18_2018-10-30-2-0-15-10.tiff
SPAIN_BADAJOZ_2019-12-30_2020-01-11-0-0-7-0.tiff,SPAIN_BADAJOZ_2019-12-30_2020-01-11-1-0-7-0.tiff,SPAIN_BADAJOZ_2019-12-30_2020-01-11-2-0-7-0.tiff
SPAIN_BADAJOZ_2019-12-30_2020-01-11-0-0-9-1.tiff,SPAIN_BADAJOZ_2019-12-30_2020-01-11-1-0-9-1.tiff,SPAIN_BADAJOZ_2019-12-30_2020-01-11-2-0-9-1.tiff
SPAIN_BADAJOZ_2019-12-30_2020-01-11-0-0-10-0.tiff,SPAIN_BADAJOZ_2019-12-30_2020-01-11-1-0-10-0.tiff,SPAIN_BADAJOZ_2019-12-30_2020-01-11-2-0-10-0.tiff
SPAIN_BADAJOZ_2019-12-30_2020-01-11-0-0-10-2.tiff,SPAIN_BADAJOZ_2019-12-30_2020-01-11-1-0-10-2.tiff,SPAIN_BADAJOZ_2019-12-30_2020-01-11-2-0-10-2.tiff
SPAIN_BADAJOZ_2019-12-30_2020-01-11-0-0-11-0.tiff,SPAIN_BADAJOZ_2019-12-30_2020-01-11-1-0-11-0.tiff,SPAIN_BADAJOZ_2019-12-30_2020-01-11-2-0-11-0.tiff
SPAIN_BADAJOZ_2019-12-30_2020-01-11-0-0-11-1.tiff,SPAIN_BADAJOZ_2019-12-30_2020-01-11-1-0-11-1.tiff,SPAIN_BADAJOZ_2019-12-30_2020-01-11-2-0-11-1.tiff
SPAIN_BADAJOZ_2019-12-30_2020-01-11-0-0-11-2.tiff,SPAIN_BADAJOZ_2019-12-30_2020-01-11-1-0-11-2.tiff,SPAIN_BADAJOZ_2019-12-30_2020-01-11-2-0-11-2.tiff
SPAIN_BADAJOZ_2019-12-30_2020-01-11-0-0-11-3.tiff,SPAIN_BADAJOZ_2019-12-30_2020-01-11-1-0-11-3.tiff,SPAIN_BADAJOZ_2019-12-30_2020-01-11-2-0-11-3.tiff
SPAIN_BADAJOZ_2019-12-30_2020-01-11-0-0-12-0.tiff,SPAIN_BADAJOZ_2019-12-30_2020-01-11-1-0-12-0.tiff,SPAIN_BADAJOZ_2019-12-30_2020-01-11-2-0-12-0.tiff
SPAIN_BADAJOZ_2019-12-30_2020-01-11-0-0-12-1.tiff,SPAIN_BADAJOZ_2019-12-30_2020-01-11-1-0-12-1.tiff,SPAIN_BADAJOZ_2019-12-30_2020-01-11-2-0-12-1.tiff
SPAIN_BADAJOZ_2019-12-30_2020-01-11-0-0-12-2.tiff,SPAIN_BADAJOZ_2019-12-30_2020-01-11-1-0-12-2.tiff,SPAIN_BADAJOZ_2019-12-30_2020-01-11-2-0-12-2.tiff
SPAIN_BADAJOZ_2019-12-30_2020-01-11-0-0-12-3.tiff,SPAIN_BADAJOZ_2019-12-30_2020-01-11-1-0-12-3.tiff,SPAIN_BADAJOZ_2019-12-30_2020-01-11-2-0-12-3.tiff
SPAIN_BADAJOZ_2019-12-30_2020-01-11-0-0-13-0.tiff,SPAIN_BADAJOZ_2019-12-30_2020-01-11-1-0-13-0.tiff,SPAIN_BADAJOZ_2019-12-30_2020-01-11-2-0-13-0.tiff
SPAIN_BADAJOZ_2019-12-30_2020-01-11-0-0-13-1.tiff,SPAIN_BADAJOZ_2019-12-30_2020-01-11-1-0-13-1.tiff,SPAIN_BADAJOZ_2019-12-30_2020-01-11-2-0-13-1.tiff
SPAIN_BADAJOZ_2019-12-30_2020-01-11-0-0-13-2.tiff,SPAIN_BADAJOZ_2019-12-30_2020-01-11-1-0-13-2.tiff,SPAIN_BADAJOZ_2019-12-30_2020-01-11-2-0-13-2.tiff
SPAIN_BADAJOZ_2019-12-30_2020-01-11-0-0-13-3.tiff,SPAIN_BADAJOZ_2019-12-30_2020-01-11-1-0-13-3.tiff,SPAIN_BADAJOZ_2019-12-30_2020-01-11-2-0-13-3.tiff
SPAIN_BADAJOZ_2019-12-30_2020-01-11-0-0-13-4.tiff,SPAIN_BADAJOZ_2019-12-30_2020-01-11-1-0-13-4.tiff,SPAIN_BADAJOZ_2019-12-30_2020-01-11-2-0-13-4.tiff
SPAIN_BADAJOZ_2019-12-30_2020-01-11-0-0-13-5.tiff,SPAIN_BADAJOZ_2019-12-30_2020-01-11-1-0-13-5.tiff,SPAIN_BADAJOZ_2019-12-30_2020-01-11-2-0-13-5.tiff
SPAIN_BADAJOZ_2019-12-30_2020-01-11-0-0-14-0.tiff,SPAIN_BADAJOZ_2019-12-30_2020-01-11-1-0-14-0.tiff,SPAIN_BADAJOZ_2019-12-30_2020-01-11-2-0-14-0.tiff
SPAIN_BADAJOZ_2019-12-30_2020-01-11-0-0-14-1.tiff,SPAIN_BADAJOZ_2019-12-30_2020-01-11-1-0-14-1.tiff,SPAIN_BADAJOZ_2019-12-30_2020-01-11-2-0-14-1.tiff
SPAIN_BADAJOZ_2019-12-30_2020-01-11-0-0-14-2.tiff,SPAIN_BADAJOZ_2019-12-30_2020-01-11-1-0-14-2.tiff,SPAIN_BADAJOZ_2019-12-30_2020-01-11-2-0-14-2.tiff
SPAIN_BADAJOZ_2019-12-30_2020-01-11-0-0-14-3.tiff,SPAIN_BADAJOZ_2019-12-30_2020-01-11-1-0-14-3.tiff,SPAIN_BADAJOZ_2019-12-30_2020-01-11-2-0-14-3.tiff
SPAIN_BADAJOZ_2019-12-30_2020-01-11-0-0-14-4.tiff,SPAIN_BADAJOZ_2019-12-30_2020-01-11-1-0-14-4.tiff,SPAIN_BADAJOZ_2019-12-30_2020-01-11-2-0-14-4.tiff
SPAIN_BADAJOZ_2019-12-30_2020-01-11-0-0-14-5.tiff,SPAIN_BADAJOZ_2019-12-30_2020-01-11-1-0-14-5.tiff,SPAIN_BADAJOZ_2019-12-30_2020-01-11-2-0-14-5.tiff
SPAIN_BADAJOZ_2019-12-30_2020-01-11-0-0-15-0.tiff,SPAIN_BADAJOZ_2019-12-30_2020-01-11-1-0-15-0.tiff,SPAIN_BADAJOZ_2019-12-30_2020-01-11-2-0-15-0.tiff
SPAIN_BADAJOZ_2019-12-30_2020-01-11-0-0-15-1.tiff,SPAIN_BADAJOZ_2019-12-30_2020-01-11-1-0-15-1.tiff,SPAIN_BADAJOZ_2019-12-30_2020-01-11-2-0-15-1.tiff
SPAIN_BADAJOZ_2019-12-30_2020-01-11-0-0-15-2.tiff,SPAIN_BADAJOZ_2019-12-30_2020-01-11-1-0-15-2.tiff,SPAIN_BADAJOZ_2019-12-30_2020-01-11-2-0-15-2.tiff
SPAIN_BADAJOZ_2019-12-30_2020-01-11-0-0-15-3.tiff,SPAIN_BADAJOZ_2019-12-30_2020-01-11-1-0-15-3.tiff,SPAIN_BADAJOZ_2019-12-30_2020-01-11-2-0-15-3.tiff
SPAIN_BADAJOZ_2019-12-30_2020-01-11-0-0-15-4.tiff,SPAIN_BADAJOZ_2019-12-30_2020-01-11-1-0-15-4.tiff,SPAIN_BADAJOZ_2019-12-30_2020-01-11-2-0-15-4.tiff
SPAIN_BADAJOZ_2019-12-30_2020-01-11-0-0-15-5.tiff,SPAIN_BADAJOZ_2019-12-30_2020-01-11-1-0-15-5.tiff,SPAIN_BADAJOZ_2019-12-30_2020-01-11-2-0-15-5.tiff
SPAIN_BADAJOZ_2019-12-30_2020-01-11-0-0-15-6.tiff,SPAIN_BADAJOZ_2019-12-30_2020-01-11-1-0-15-6.tiff,SPAIN_BADAJOZ_2019-12-30_2020-01-11-2-0-15-6.tiff
LATVIA_LITHUANIA_2020-09-18_2020-09-30-0-0-9-1.tiff,LATVIA_LITHUANIA_2020-09-18_2020-09-30-1-0-9-1.tiff,LATVIA_LITHUANIA_2020-09-18_2020-09-30-2-0-9-1.tiff
LATVIA_LITHUANIA_2020-09-18_2020-09-30-0-0-10-0.tiff,LATVIA_LITHUANIA_2020-09-18_2020-09-30-1-0-10-0.tiff,LATVIA_LITHUANIA_2020-09-18_2020-09-30-2-0-10-0.tiff
LATVIA_LITHUANIA_2020-09-18_2020-09-30-0-0-10-1.tiff,LATVIA_LITHUANIA_2020-09-18_2020-09-30-1-0-10-1.tiff,LATVIA_LITHUANIA_2020-09-18_2020-09-30-2-0-10-1.tiff
LATVIA_LITHUANIA_2020-09-18_2020-09-30-0-0-11-0.tiff,LATVIA_LITHUANIA_2020-09-18_2020-09-30-1-0-11-0.tiff,LATVIA_LITHUANIA_2020-09-18_2020-09-30-2-0-11-0.tiff
LATVIA_LITHUANIA_2020-09-18_2020-09-30-0-0-11-1.tiff,LATVIA_LITHUANIA_2020-09-18_2020-09-30-1-0-11-1.tiff,LATVIA_LITHUANIA_2020-09-18_2020-09-30-2-0-11-1.tiff
LATVIA_LITHUANIA_2020-09-18_2020-09-30-0-0-11-8.tiff,LATVIA_LITHUANIA_2020-09-18_2020-09-30-1-0-11-8.tiff,LATVIA_LITHUANIA_2020-09-18_2020-09-30-2-0-11-8.tiff
LATVIA_LITHUANIA_2020-09-18_2020-09-30-0-0-11-11.tiff,LATVIA_LITHUANIA_2020-09-18_2020-09-30-1-0-11-11.tiff,LATVIA_LITHUANIA_2020-09-18_2020-09-30-2-0-11-11.tiff
LATVIA_LITHUANIA_2020-09-18_2020-09-30-0-0-11-14.tiff,LATVIA_LITHUANIA_2020-09-18_2020-09-30-1-0-11-14.tiff,LATVIA_LITHUANIA_2020-09-18_2020-09-30-2-0-11-14.tiff
LATVIA_LITHUANIA_2020-09-18_2020-09-30-0-0-12-0.tiff,LATVIA_LITHUANIA_2020-09-18_2020-09-30-1-0-12-0.tiff,LATVIA_LITHUANIA_2020-09-18_2020-09-30-2-0-12-0.tiff
LATVIA_LITHUANIA_2020-09-18_2020-09-30-0-0-12-12.tiff,LATVIA_LITHUANIA_2020-09-18_2020-09-30-1-0-12-12.tiff,LATVIA_LITHUANIA_2020-09-18_2020-09-30-2-0-12-12.tiff
LATVIA_LITHUANIA_2020-09-18_2020-09-30-0-0-12-19.tiff,LATVIA_LITHUANIA_2020-09-18_2020-09-30-1-0-12-19.tiff,LATVIA_LITHUANIA_2020-09-18_2020-09-30-2-0-12-19.tiff
LATVIA_LITHUANIA_2020-09-18_2020-09-30-0-0-13-0.tiff,LATVIA_LITHUANIA_2020-09-18_2020-09-30-1-0-13-0.tiff,LATVIA_LITHUANIA_2020-09-18_2020-09-30-2-0-13-0.tiff
LATVIA_LITHUANIA_2020-09-18_2020-09-30-0-0-13-17.tiff,LATVIA_LITHUANIA_2020-09-18_2020-09-30-1-0-13-17.tiff,LATVIA_LITHUANIA_2020-09-18_2020-09-30-2-0-13-17.tiff
LATVIA_LITHUANIA_2020-09-18_2020-09-30-0-0-13-21.tiff,LATVIA_LITHUANIA_2020-09-18_2020-09-30-1-0-13-21.tiff,LATVIA_LITHUANIA_2020-09-18_2020-09-30-2-0-13-21.tiff
LATVIA_LITHUANIA_2020-09-18_2020-09-30-0-0-14-0.tiff,LATVIA_LITHUANIA_2020-09-18_2020-09-30-1-0-14-0.tiff,LATVIA_LITHUANIA_2020-09-18_2020-09-30-2-0-14-0.tiff
LATVIA_LITHUANIA_2020-09-18_2020-09-30-0-0-14-1.tiff,LATVIA_LITHUANIA_2020-09-18_2020-09-30-1-0-14-1.tiff,LATVIA_LITHUANIA_2020-09-18_2020-09-30-2-0-14-1.tiff
LATVIA_LITHUANIA_2020-09-18_2020-09-30-0-0-14-18.tiff,LATVIA_LITHUANIA_2020-09-18_2020-09-30-1-0-14-18.tiff,LATVIA_LITHUANIA_2020-09-18_2020-09-30-2-0-14-18.tiff
LATVIA_LITHUANIA_2020-09-18_2020-09-30-0-0-14-19.tiff,LATVIA_LITHUANIA_2020-09-18_2020-09-30-1-0-14-19.tiff,LATVIA_LITHUANIA_2020-09-18_2020-09-30-2-0-14-19.tiff
LATVIA_LITHUANIA_2020-09-18_2020-09-30-0-0-14-20.tiff,LATVIA_LITHUANIA_2020-09-18_2020-09-30-1-0-14-20.tiff,LATVIA_LITHUANIA_2020-09-18_2020-09-30-2-0-14-20.tiff
LATVIA_LITHUANIA_2020-09-18_2020-09-30-0-0-14-21.tiff,LATVIA_LITHUANIA_2020-09-18_2020-09-30-1-0-14-21.tiff,LATVIA_LITHUANIA_2020-09-18_2020-09-30-2-0-14-21.tiff
LATVIA_LITHUANIA_2020-09-18_2020-09-30-0-0-14-22.tiff,LATVIA_LITHUANIA_2020-09-18_2020-09-30-1-0-14-22.tiff,LATVIA_LITHUANIA_2020-09-18_2020-09-30-2-0-14-22.tiff
LATVIA_LITHUANIA_2020-09-18_2020-09-30-0-0-14-23.tiff,LATVIA_LITHUANIA_2020-09-18_2020-09-30-1-0-14-23.tiff,LATVIA_LITHUANIA_2020-09-18_2020-09-30-2-0-14-23.tiff
LATVIA_LITHUANIA_2020-09-18_2020-09-30-0-0-14-24.tiff,LATVIA_LITHUANIA_2020-09-18_2020-09-30-1-0-14-24.tiff,LATVIA_LITHUANIA_2020-09-18_2020-09-30-2-0-14-24.tiff
LATVIA_LITHUANIA_2020-09-18_2020-09-30-0-0-14-25.tiff,LATVIA_LITHUANIA_2020-09-18_2020-09-30-1-0-14-25.tiff,LATVIA_LITHUANIA_2020-09-18_2020-09-30-2-0-14-25.tiff
LATVIA_LITHUANIA_2020-09-18_2020-09-30-0-0-15-1.tiff,LATVIA_LITHUANIA_2020-09-18_2020-09-30-1-0-15-1.tiff,LATVIA_LITHUANIA_2020-09-18_2020-09-30-2-0-15-1.tiff
LATVIA_LITHUANIA_2020-09-18_2020-09-30-0-0-15-19.tiff,LATVIA_LITHUANIA_2020-09-18_2020-09-30-1-0-15-19.tiff,LATVIA_LITHUANIA_2020-09-18_2020-09-30-2-0-15-19.tiff
LATVIA_LITHUANIA_2020-09-18_2020-09-30-0-0-15-20.tiff,LATVIA_LITHUANIA_2020-09-18_2020-09-30-1-0-15-20.tiff,LATVIA_LITHUANIA_2020-09-18_2020-09-30-2-0-15-20.tiff
LATVIA_LITHUANIA_2020-09-18_2020-09-30-0-0-15-25.tiff,LATVIA_LITHUANIA_2020-09-18_2020-09-30-1-0-15-25.tiff,LATVIA_LITHUANIA_2020-09-18_2020-09-30-2-0-15-25.tiff
LATVIA_LITHUANIA_2020-09-18_2020-09-30-0-0-15-26.tiff,LATVIA_LITHUANIA_2020-09-18_2020-09-30-1-0-15-26.tiff,LATVIA_LITHUANIA_2020-09-18_2020-09-30-2-0-15-26.tiff
LATVIA_LITHUANIA_2020-09-18_2020-09-30-0-0-16-0.tiff,LATVIA_LITHUANIA_2020-09-18_2020-09-30-1-0-16-0.tiff,LATVIA_LITHUANIA_2020-09-18_2020-09-30-2-0-16-0.tiff
LATVIA_LITHUANIA_2020-09-18_2020-09-30-0-0-16-1.tiff,LATVIA_LITHUANIA_2020-09-18_2020-09-30-1-0-16-1.tiff,LATVIA_LITHUANIA_2020-09-18_2020-09-30-2-0-16-1.tiff
LATVIA_LITHUANIA_2020-09-18_2020-09-30-0-0-16-2.tiff,LATVIA_LITHUANIA_2020-09-18_2020-09-30-1-0-16-2.tiff,LATVIA_LITHUANIA_2020-09-18_2020-09-30-2-0-16-2.tiff
LATVIA_LITHUANIA_2020-09-18_2020-09-30-0-0-16-19.tiff,LATVIA_LITHUANIA_2020-09-18_2020-09-30-1-0-16-19.tiff,LATVIA_LITHUANIA_2020-09-18_2020-09-30-2-0-16-19.tiff
LATVIA_LITHUANIA_2020-09-18_2020-09-30-0-0-16-27.tiff,LATVIA_LITHUANIA_2020-09-18_2020-09-30-1-0-16-27.tiff,LATVIA_LITHUANIA_2020-09-18_2020-09-30-2-0-16-27.tiff
LATVIA_LITHUANIA_2020-09-18_2020-09-30-0-0-17-0.tiff,LATVIA_LITHUANIA_2020-09-18_2020-09-30-1-0-17-0.tiff,LATVIA_LITHUANIA_2020-09-18_2020-09-30-2-0-17-0.tiff
LATVIA_LITHUANIA_2020-09-18_2020-09-30-0-0-17-1.tiff,LATVIA_LITHUANIA_2020-09-18_2020-09-30-1-0-17-1.tiff,LATVIA_LITHUANIA_2020-09-18_2020-09-30-2-0-17-1.tiff
LATVIA_LITHUANIA_2020-09-18_2020-09-30-0-0-17-2.tiff,LATVIA_LITHUANIA_2020-09-18_2020-09-30-1-0-17-2.tiff,LATVIA_LITHUANIA_2020-09-18_2020-09-30-2-0-17-2.tiff
LATVIA_LITHUANIA_2020-09-18_2020-09-30-0-0-17-19.tiff,LATVIA_LITHUANIA_2020-09-18_2020-09-30-1-0-17-19.tiff,LATVIA_LITHUANIA_2020-09-18_2020-09-30-2-0-17-19.tiff
LATVIA_LITHUANIA_2020-09-18_2020-09-30-0-0-18-0.tiff,LATVIA_LITHUANIA_2020-09-18_2020-09-30-1-0-18-0.tiff,LATVIA_LITHUANIA_2020-09-18_2020-09-30-2-0-18-0.tiff
LATVIA_LITHUANIA_2020-09-18_2020-09-30-0-0-18-20.tiff,LATVIA_LITHUANIA_2020-09-18_2020-09-30-1-0-18-20.tiff,LATVIA_LITHUANIA_2020-09-18_2020-09-30-2-0-18-20.tiff
LATVIA_LITHUANIA_2020-09-18_2020-09-30-0-0-18-27.tiff,LATVIA_LITHUANIA_2020-09-18_2020-09-30-1-0-18-27.tiff,LATVIA_LITHUANIA_2020-09-18_2020-09-30-2-0-18-27.tiff
LATVIA_LITHUANIA_2020-09-18_2020-09-30-0-0-19-0.tiff,LATVIA_LITHUANIA_2020-09-18_2020-09-30-1-0-19-0.tiff,LATVIA_LITHUANIA_2020-09-18_2020-09-30-2-0-19-0.tiff
LATVIA_LITHUANIA_2020-09-18_2020-09-30-0-0-19-20.tiff,LATVIA_LITHUANIA_2020-09-18_2020-09-30-1-0-19-20.tiff,LATVIA_LITHUANIA_2020-09-18_2020-09-30-2-0-19-20.tiff
LATVIA_LITHUANIA_2020-09-18_2020-09-30-0-0-19-27.tiff,LATVIA_LITHUANIA_2020-09-18_2020-09-30-1-0-19-27.tiff,LATVIA_LITHUANIA_2020-09-18_2020-09-30-2-0-19-27.tiff
LATVIA_LITHUANIA_2020-09-18_2020-09-30-0-0-19-28.tiff,LATVIA_LITHUANIA_2020-09-18_2020-09-30-1-0-19-28.tiff,LATVIA_LITHUANIA_2020-09-18_2020-09-30-2-0-19-28.tiff
LATVIA_LITHUANIA_2020-09-18_2020-09-30-0-0-20-0.tiff,LATVIA_LITHUANIA_2020-09-18_2020-09-30-1-0-20-0.tiff,LATVIA_LITHUANIA_2020-09-18_2020-09-30-2-0-20-0.tiff
LATVIA_LITHUANIA_2020-09-18_2020-09-30-0-0-20-19.tiff,LATVIA_LITHUANIA_2020-09-18_2020-09-30-1-0-20-19.tiff,LATVIA_LITHUANIA_2020-09-18_2020-09-30-2-0-20-19.tiff
LATVIA_LITHUANIA_2020-09-18_2020-09-30-0-0-20-20.tiff,LATVIA_LITHUANIA_2020-09-18_2020-09-30-1-0-20-20.tiff,LATVIA_LITHUANIA_2020-09-18_2020-09-30-2-0-20-20.tiff
LATVIA_LITHUANIA_2020-09-18_2020-09-30-0-0-20-21.tiff,LATVIA_LITHUANIA_2020-09-18_2020-09-30-1-0-20-21.tiff,LATVIA_LITHUANIA_2020-09-18_2020-09-30-2-0-20-21.tiff
LATVIA_LITHUANIA_2020-09-18_2020-09-30-0-0-20-28.tiff,LATVIA_LITHUANIA_2020-09-18_2020-09-30-1-0-20-28.tiff,LATVIA_LITHUANIA_2020-09-18_2020-09-30-2-0-20-28.tiff
LATVIA_LITHUANIA_2020-09-18_2020-09-30-0-0-20-30.tiff,LATVIA_LITHUANIA_2020-09-18_2020-09-30-1-0-20-30.tiff,LATVIA_LITHUANIA_2020-09-18_2020-09-30-2-0-20-30.tiff
LATVIA_LITHUANIA_2020-09-18_2020-09-30-0-0-20-31.tiff,LATVIA_LITHUANIA_2020-09-18_2020-09-30-1-0-20-31.tiff,LATVIA_LITHUANIA_2020-09-18_2020-09-30-2-0-20-31.tiff
LATVIA_LITHUANIA_2020-09-18_2020-09-30-0-0-21-20.tiff,LATVIA_LITHUANIA_2020-09-18_2020-09-30-1-0-21-20.tiff,LATVIA_LITHUANIA_2020-09-18_2020-09-30-2-0-21-20.tiff
LATVIA_LITHUANIA_2020-09-18_2020-09-30-0-0-21-22.tiff,LATVIA_LITHUANIA_2020-09-18_2020-09-30-1-0-21-22.tiff,LATVIA_LITHUANIA_2020-09-18_2020-09-30-2-0-21-22.tiff
LATVIA_LITHUANIA_2020-09-18_2020-09-30-0-0-21-25.tiff,LATVIA_LITHUANIA_2020-09-18_2020-09-30-1-0-21-25.tiff,LATVIA_LITHUANIA_2020-09-18_2020-09-30-2-0-21-25.tiff
LATVIA_LITHUANIA_2020-09-18_2020-09-30-0-0-21-27.tiff,LATVIA_LITHUANIA_2020-09-18_2020-09-30-1-0-21-27.tiff,LATVIA_LITHUANIA_2020-09-18_2020-09-30-2-0-21-27.tiff
LATVIA_LITHUANIA_2020-09-18_2020-09-30-0-0-21-28.tiff,LATVIA_LITHUANIA_2020-09-18_2020-09-30-1-0-21-28.tiff,LATVIA_LITHUANIA_2020-09-18_2020-09-30-2-0-21-28.tiff
LATVIA_LITHUANIA_2020-09-18_2020-09-30-0-0-21-31.tiff,LATVIA_LITHUANIA_2020-09-18_2020-09-30-1-0-21-31.tiff,LATVIA_LITHUANIA_2020-09-18_2020-09-30-2-0-21-31.tiff
LATVIA_LITHUANIA_2020-09-18_2020-09-30-0-0-22-20.tiff,LATVIA_LITHUANIA_2020-09-18_2020-09-30-1-0-22-20.tiff,LATVIA_LITHUANIA_2020-09-18_2020-09-30-2-0-22-20.tiff
LATVIA_LITHUANIA_2020-09-18_2020-09-30-0-0-22-21.tiff,LATVIA_LITHUANIA_2020-09-18_2020-09-30-1-0-22-21.tiff,LATVIA_LITHUANIA_2020-09-18_2020-09-30-2-0-22-21.tiff
LATVIA_LITHUANIA_2020-09-18_2020-09-30-0-0-22-22.tiff,LATVIA_LITHUANIA_2020-09-18_2020-09-30-1-0-22-22.tiff,LATVIA_LITHUANIA_2020-09-18_2020-09-30-2-0-22-22.tiff
LATVIA_LITHUANIA_2020-09-18_2020-09-30-0-0-22-27.tiff,LATVIA_LITHUANIA_2020-09-18_2020-09-30-1-0-22-27.tiff,LATVIA_LITHUANIA_2020-09-18_2020-09-30-2-0-22-27.tiff
LATVIA_LITHUANIA_2020-09-18_2020-09-30-0-0-22-28.tiff,LATVIA_LITHUANIA_2020-09-18_2020-09-30-1-0-22-28.tiff,LATVIA_LITHUANIA_2020-09-18_2020-09-30-2-0-22-28.tiff
LATVIA_LITHUANIA_2020-09-18_2020-09-30-0-0-22-30.tiff,LATVIA_LITHUANIA_2020-09-18_2020-09-30-1-0-22-30.tiff,LATVIA_LITHUANIA_2020-09-18_2020-09-30-2-0-22-30.tiff
LATVIA_LITHUANIA_2020-09-18_2020-09-30-0-0-22-31.tiff,LATVIA_LITHUANIA_2020-09-18_2020-09-30-1-0-22-31.tiff,LATVIA_LITHUANIA_2020-09-18_2020-09-30-2-0-22-31.tiff
LATVIA_LITHUANIA_2020-09-18_2020-09-30-0-0-22-32.tiff,LATVIA_LITHUANIA_2020-09-18_2020-09-30-1-0-22-32.tiff,LATVIA_LITHUANIA_2020-09-18_2020-09-30-2-0-22-32.tiff
LATVIA_LITHUANIA_2020-09-18_2020-09-30-0-0-23-17.tiff,LATVIA_LITHUANIA_2020-09-18_2020-09-30-1-0-23-17.tiff,LATVIA_LITHUANIA_2020-09-18_2020-09-30-2-0-23-17.tiff
LATVIA_LITHUANIA_2020-09-18_2020-09-30-0-0-23-20.tiff,LATVIA_LITHUANIA_2020-09-18_2020-09-30-1-0-23-20.tiff,LATVIA_LITHUANIA_2020-09-18_2020-09-30-2-0-23-20.tiff
LATVIA_LITHUANIA_2020-09-18_2020-09-30-0-0-23-21.tiff,LATVIA_LITHUANIA_2020-09-18_2020-09-30-1-0-23-21.tiff,LATVIA_LITHUANIA_2020-09-18_2020-09-30-2-0-23-21.tiff
LATVIA_LITHUANIA_2020-09-18_2020-09-30-0-0-23-22.tiff,LATVIA_LITHUANIA_2020-09-18_2020-09-30-1-0-23-22.tiff,LATVIA_LITHUANIA_2020-09-18_2020-09-30-2-0-23-22.tiff
LATVIA_LITHUANIA_2020-09-18_2020-09-30-0-0-23-25.tiff,LATVIA_LITHUANIA_2020-09-18_2020-09-30-1-0-23-25.tiff,LATVIA_LITHUANIA_2020-09-18_2020-09-30-2-0-23-25.tiff
LATVIA_LITHUANIA_2020-09-18_2020-09-30-0-0-23-26.tiff,LATVIA_LITHUANIA_2020-09-18_2020-09-30-1-0-23-26.tiff,LATVIA_LITHUANIA_2020-09-18_2020-09-30-2-0-23-26.tiff
LATVIA_LITHUANIA_2020-09-18_2020-09-30-0-0-23-31.tiff,LATVIA_LITHUANIA_2020-09-18_2020-09-30-1-0-23-31.tiff,LATVIA_LITHUANIA_2020-09-18_2020-09-30-2-0-23-31.tiff
LATVIA_LITHUANIA_2020-09-18_2020-09-30-0-0-24-16.tiff,LATVIA_LITHUANIA_2020-09-18_2020-09-30-1-0-24-16.tiff,LATVIA_LITHUANIA_2020-09-18_2020-09-30-2-0-24-16.tiff
LATVIA_LITHUANIA_2020-09-18_2020-09-30-0-0-24-17.tiff,LATVIA_LITHUANIA_2020-09-18_2020-09-30-1-0-24-17.tiff,LATVIA_LITHUANIA_2020-09-18_2020-09-30-2-0-24-17.tiff
LATVIA_LITHUANIA_2020-09-18_2020-09-30-0-0-24-21.tiff,LATVIA_LITHUANIA_2020-09-18_2020-09-30-1-0-24-21.tiff,LATVIA_LITHUANIA_2020-09-18_2020-09-30-2-0-24-21.tiff
LATVIA_LITHUANIA_2020-09-18_2020-09-30-0-0-24-22.tiff,LATVIA_LITHUANIA_2020-09-18_2020-09-30-1-0-24-22.tiff,LATVIA_LITHUANIA_2020-09-18_2020-09-30-2-0-24-22.tiff
LATVIA_LITHUANIA_2020-09-18_2020-09-30-0-0-24-23.tiff,LATVIA_LITHUANIA_2020-09-18_2020-09-30-1-0-24-23.tiff,LATVIA_LITHUANIA_2020-09-18_2020-09-30-2-0-24-23.tiff
LATVIA_LITHUANIA_2020-09-18_2020-09-30-0-0-24-25.tiff,LATVIA_LITHUANIA_2020-09-18_2020-09-30-1-0-24-25.tiff,LATVIA_LITHUANIA_2020-09-18_2020-09-30-2-0-24-25.tiff
LATVIA_LITHUANIA_2020-09-18_2020-09-30-0-0-24-26.tiff,LATVIA_LITHUANIA_2020-09-18_2020-09-30-1-0-24-26.tiff,LATVIA_LITHUANIA_2020-09-18_2020-09-30-2-0-24-26.tiff
LATVIA_LITHUANIA_2020-09-18_2020-09-30-0-0-25-17.tiff,LATVIA_LITHUANIA_2020-09-18_2020-09-30-1-0-25-17.tiff,LATVIA_LITHUANIA_2020-09-18_2020-09-30-2-0-25-17.tiff
LATVIA_LITHUANIA_2020-09-18_2020-09-30-0-0-25-18.tiff,LATVIA_LITHUANIA_2020-09-18_2020-09-30-1-0-25-18.tiff,LATVIA_LITHUANIA_2020-09-18_2020-09-30-2-0-25-18.tiff
LATVIA_LITHUANIA_2020-09-18_2020-09-30-0-0-25-19.tiff,LATVIA_LITHUANIA_2020-09-18_2020-09-30-1-0-25-19.tiff,LATVIA_LITHUANIA_2020-09-18_2020-09-30-2-0-25-19.tiff
LATVIA_LITHUANIA_2020-09-18_2020-09-30-0-0-25-20.tiff,LATVIA_LITHUANIA_2020-09-18_2020-09-30-1-0-25-20.tiff,LATVIA_LITHUANIA_2020-09-18_2020-09-30-2-0-25-20.tiff
LATVIA_LITHUANIA_2020-09-18_2020-09-30-0-0-25-21.tiff,LATVIA_LITHUANIA_2020-09-18_2020-09-30-1-0-25-21.tiff,LATVIA_LITHUANIA_2020-09-18_2020-09-30-2-0-25-21.tiff
LATVIA_LITHUANIA_2020-09-18_2020-09-30-0-0-25-22.tiff,LATVIA_LITHUANIA_2020-09-18_2020-09-30-1-0-25-22.tiff,LATVIA_LITHUANIA_2020-09-18_2020-09-30-2-0-25-22.tiff
LATVIA_LITHUANIA_2020-09-18_2020-09-30-0-0-25-23.tiff,LATVIA_LITHUANIA_2020-09-18_2020-09-30-1-0-25-23.tiff,LATVIA_LITHUANIA_2020-09-18_2020-09-30-2-0-25-23.tiff
LATVIA_LITHUANIA_2020-09-18_2020-09-30-0-0-25-24.tiff,LATVIA_LITHUANIA_2020-09-18_2020-09-30-1-0-25-24.tiff,LATVIA_LITHUANIA_2020-09-18_2020-09-30-2-0-25-24.tiff
LATVIA_LITHUANIA_2020-09-18_2020-09-30-0-0-25-25.tiff,LATVIA_LITHUANIA_2020-09-18_2020-09-30-1-0-25-25.tiff,LATVIA_LITHUANIA_2020-09-18_2020-09-30-2-0-25-25.tiff
LATVIA_LITHUANIA_2020-09-18_2020-09-30-0-0-25-26.tiff,LATVIA_LITHUANIA_2020-09-18_2020-09-30-1-0-25-26.tiff,LATVIA_LITHUANIA_2020-09-18_2020-09-30-2-0-25-26.tiff
LATVIA_LITHUANIA_2020-09-18_2020-09-30-0-0-25-27.tiff,LATVIA_LITHUANIA_2020-09-18_2020-09-30-1-0-25-27.tiff,LATVIA_LITHUANIA_2020-09-18_2020-09-30-2-0-25-27.tiff
LATVIA_LITHUANIA_2020-09-18_2020-09-30-0-0-26-14.tiff,LATVIA_LITHUANIA_2020-09-18_2020-09-30-1-0-26-14.tiff,LATVIA_LITHUANIA_2020-09-18_2020-09-30-2-0-26-14.tiff
LATVIA_LITHUANIA_2020-09-18_2020-09-30-0-0-26-17.tiff,LATVIA_LITHUANIA_2020-09-18_2020-09-30-1-0-26-17.tiff,LATVIA_LITHUANIA_2020-09-18_2020-09-30-2-0-26-17.tiff
LATVIA_LITHUANIA_2020-09-18_2020-09-30-0-0-26-18.tiff,LATVIA_LITHUANIA_2020-09-18_2020-09-30-1-0-26-18.tiff,LATVIA_LITHUANIA_2020-09-18_2020-09-30-2-0-26-18.tiff
LATVIA_LITHUANIA_2020-09-18_2020-09-30-0-0-26-19.tiff,LATVIA_LITHUANIA_2020-09-18_2020-09-30-1-0-26-19.tiff,LATVIA_LITHUANIA_2020-09-18_2020-09-30-2-0-26-19.tiff
LATVIA_LITHUANIA_2020-09-18_2020-09-30-0-0-26-20.tiff,LATVIA_LITHUANIA_2020-09-18_2020-09-30-1-0-26-20.tiff,LATVIA_LITHUANIA_2020-09-18_2020-09-30-2-0-26-20.tiff
LATVIA_LITHUANIA_2020-09-18_2020-09-30-0-0-26-21.tiff,LATVIA_LITHUANIA_2020-09-18_2020-09-30-1-0-26-21.tiff,LATVIA_LITHUANIA_2020-09-18_2020-09-30-2-0-26-21.tiff
LATVIA_LITHUANIA_2020-09-18_2020-09-30-0-0-26-22.tiff,LATVIA_LITHUANIA_2020-09-18_2020-09-30-1-0-26-22.tiff,LATVIA_LITHUANIA_2020-09-18_2020-09-30-2-0-26-22.tiff
LATVIA_LITHUANIA_2020-09-18_2020-09-30-0-0-26-23.tiff,LATVIA_LITHUANIA_2020-09-18_2020-09-30-1-0-26-23.tiff,LATVIA_LITHUANIA_2020-09-18_2020-09-30-2-0-26-23.tiff
LATVIA_LITHUANIA_2020-09-18_2020-09-30-0-0-26-24.tiff,LATVIA_LITHUANIA_2020-09-18_2020-09-30-1-0-26-24.tiff,LATVIA_LITHUANIA_2020-09-18_2020-09-30-2-0-26-24.tiff
LATVIA_LITHUANIA_2020-09-18_2020-09-30-0-0-26-25.tiff,LATVIA_LITHUANIA_2020-09-18_2020-09-30-1-0-26-25.tiff,LATVIA_LITHUANIA_2020-09-18_2020-09-30-2-0-26-25.tiff
LATVIA_LITHUANIA_2020-09-18_2020-09-30-0-0-26-26.tiff,LATVIA_LITHUANIA_2020-09-18_2020-09-30-1-0-26-26.tiff,LATVIA_LITHUANIA_2020-09-18_2020-09-30-2-0-26-26.tiff
LATVIA_LITHUANIA_2020-09-18_2020-09-30-0-0-27-13.tiff,LATVIA_LITHUANIA_2020-09-18_2020-09-30-1-0-27-13.tiff,LATVIA_LITHUANIA_2020-09-18_2020-09-30-2-0-27-13.tiff
LATVIA_LITHUANIA_2020-09-18_2020-09-30-0-0-27-14.tiff,LATVIA_LITHUANIA_2020-09-18_2020-09-30-1-0-27-14.tiff,LATVIA_LITHUANIA_2020-09-18_2020-09-30-2-0-27-14.tiff
LATVIA_LITHUANIA_2020-09-18_2020-09-30-0-0-27-15.tiff,LATVIA_LITHUANIA_2020-09-18_2020-09-30-1-0-27-15.tiff,LATVIA_LITHUANIA_2020-09-18_2020-09-30-2-0-27-15.tiff
LATVIA_LITHUANIA_2020-09-18_2020-09-30-0-0-27-16.tiff,LATVIA_LITHUANIA_2020-09-18_2020-09-30-1-0-27-16.tiff,LATVIA_LITHUANIA_2020-09-18_2020-09-30-2-0-27-16.tiff
LATVIA_LITHUANIA_2020-09-18_2020-09-30-0-0-27-17.tiff,LATVIA_LITHUANIA_2020-09-18_2020-09-30-1-0-27-17.tiff,LATVIA_LITHUANIA_2020-09-18_2020-09-30-2-0-27-17.tiff
LATVIA_LITHUANIA_2020-09-18_2020-09-30-0-0-27-18.tiff,LATVIA_LITHUANIA_2020-09-18_2020-09-30-1-0-27-18.tiff,LATVIA_LITHUANIA_2020-09-18_2020-09-30-2-0-27-18.tiff
LATVIA_LITHUANIA_2020-09-18_2020-09-30-0-0-27-19.tiff,LATVIA_LITHUANIA_2020-09-18_2020-09-30-1-0-27-19.tiff,LATVIA_LITHUANIA_2020-09-18_2020-09-30-2-0-27-19.tiff
LATVIA_LITHUANIA_2020-09-18_2020-09-30-0-0-27-20.tiff,LATVIA_LITHUANIA_2020-09-18_2020-09-30-1-0-27-20.tiff,LATVIA_LITHUANIA_2020-09-18_2020-09-30-2-0-27-20.tiff
LATVIA_LITHUANIA_2020-09-18_2020-09-30-0-0-27-21.tiff,LATVIA_LITHUANIA_2020-09-18_2020-09-30-1-0-27-21.tiff,LATVIA_LITHUANIA_2020-09-18_2020-09-30-2-0-27-21.tiff
LATVIA_LITHUANIA_2020-09-18_2020-09-30-0-0-27-22.tiff,LATVIA_LITHUANIA_2020-09-18_2020-09-30-1-0-27-22.tiff,LATVIA_LITHUANIA_2020-09-18_2020-09-30-2-0-27-22.tiff
LATVIA_LITHUANIA_2020-09-18_2020-09-30-0-0-27-24.tiff,LATVIA_LITHUANIA_2020-09-18_2020-09-30-1-0-27-24.tiff,LATVIA_LITHUANIA_2020-09-18_2020-09-30-2-0-27-24.tiff
LATVIA_LITHUANIA_2020-09-18_2020-09-30-0-0-27-25.tiff,LATVIA_LITHUANIA_2020-09-18_2020-09-30-1-0-27-25.tiff,LATVIA_LITHUANIA_2020-09-18_2020-09-30-2-0-27-25.tiff
LATVIA_LITHUANIA_2020-09-18_2020-09-30-0-0-27-26.tiff,LATVIA_LITHUANIA_2020-09-18_2020-09-30-1-0-27-26.tiff,LATVIA_LITHUANIA_2020-09-18_2020-09-30-2-0-27-26.tiff
LATVIA_LITHUANIA_2020-09-18_2020-09-30-0-0-28-14.tiff,LATVIA_LITHUANIA_2020-09-18_2020-09-30-1-0-28-14.tiff,LATVIA_LITHUANIA_2020-09-18_2020-09-30-2-0-28-14.tiff
LATVIA_LITHUANIA_2020-09-18_2020-09-30-0-0-28-15.tiff,LATVIA_LITHUANIA_2020-09-18_2020-09-30-1-0-28-15.tiff,LATVIA_LITHUANIA_2020-09-18_2020-09-30-2-0-28-15.tiff
LATVIA_LITHUANIA_2020-09-18_2020-09-30-0-0-28-16.tiff,LATVIA_LITHUANIA_2020-09-18_2020-09-30-1-0-28-16.tiff,LATVIA_LITHUANIA_2020-09-18_2020-09-30-2-0-28-16.tiff
LATVIA_LITHUANIA_2020-09-18_2020-09-30-0-0-28-17.tiff,LATVIA_LITHUANIA_2020-09-18_2020-09-30-1-0-28-17.tiff,LATVIA_LITHUANIA_2020-09-18_2020-09-30-2-0-28-17.tiff
LATVIA_LITHUANIA_2020-09-18_2020-09-30-0-0-28-18.tiff,LATVIA_LITHUANIA_2020-09-18_2020-09-30-1-0-28-18.tiff,LATVIA_LITHUANIA_2020-09-18_2020-09-30-2-0-28-18.tiff
LATVIA_LITHUANIA_2020-09-18_2020-09-30-0-0-28-19.tiff,LATVIA_LITHUANIA_2020-09-18_2020-09-30-1-0-28-19.tiff,LATVIA_LITHUANIA_2020-09-18_2020-09-30-2-0-28-19.tiff
LATVIA_LITHUANIA_2020-09-18_2020-09-30-0-0-28-20.tiff,LATVIA_LITHUANIA_2020-09-18_2020-09-30-1-0-28-20.tiff,LATVIA_LITHUANIA_2020-09-18_2020-09-30-2-0-28-20.tiff
LATVIA_LITHUANIA_2020-09-18_2020-09-30-0-0-28-22.tiff,LATVIA_LITHUANIA_2020-09-18_2020-09-30-1-0-28-22.tiff,LATVIA_LITHUANIA_2020-09-18_2020-09-30-2-0-28-22.tiff
LATVIA_LITHUANIA_2020-09-18_2020-09-30-0-0-28-23.tiff,LATVIA_LITHUANIA_2020-09-18_2020-09-30-1-0-28-23.tiff,LATVIA_LITHUANIA_2020-09-18_2020-09-30-2-0-28-23.tiff
LATVIA_LITHUANIA_2020-09-18_2020-09-30-0-0-28-24.tiff,LATVIA_LITHUANIA_2020-09-18_2020-09-30-1-0-28-24.tiff,LATVIA_LITHUANIA_2020-09-18_2020-09-30-2-0-28-24.tiff
LATVIA_LITHUANIA_2020-09-18_2020-09-30-0-0-28-25.tiff,LATVIA_LITHUANIA_2020-09-18_2020-09-30-1-0-28-25.tiff,LATVIA_LITHUANIA_2020-09-18_2020-09-30-2-0-28-25.tiff
LATVIA_LITHUANIA_2020-09-18_2020-09-30-0-0-28-26.tiff,LATVIA_LITHUANIA_2020-09-18_2020-09-30-1-0-28-26.tiff,LATVIA_LITHUANIA_2020-09-18_2020-09-30-2-0-28-26.tiff
LATVIA_LITHUANIA_2020-09-18_2020-09-30-0-0-28-27.tiff,LATVIA_LITHUANIA_2020-09-18_2020-09-30-1-0-28-27.tiff,LATVIA_LITHUANIA_2020-09-18_2020-09-30-2-0-28-27.tiff
LATVIA_LITHUANIA_2020-09-18_2020-09-30-0-0-28-28.tiff,LATVIA_LITHUANIA_2020-09-18_2020-09-30-1-0-28-28.tiff,LATVIA_LITHUANIA_2020-09-18_2020-09-30-2-0-28-28.tiff
UKRAINE_KONOTOP_2020-07-15_2020-07-27-0-0-0-1.tiff,UKRAINE_KONOTOP_2020-07-15_2020-07-27-1-0-0-1.tiff,UKRAINE_KONOTOP_2020-07-15_2020-07-27-2-0-0-1.tiff
UKRAINE_KONOTOP_2020-07-15_2020-07-27-0-0-0-3.tiff,UKRAINE_KONOTOP_2020-07-15_2020-07-27-1-0-0-3.tiff,UKRAINE_KONOTOP_2020-07-15_2020-07-27-2-0-0-3.tiff
UKRAINE_KONOTOP_2020-07-15_2020-07-27-0-0-0-4.tiff,UKRAINE_KONOTOP_2020-07-15_2020-07-27-1-0-0-4.tiff,UKRAINE_KONOTOP_2020-07-15_2020-07-27-2-0-0-4.tiff
UKRAINE_KONOTOP_2020-07-15_2020-07-27-0-0-0-6.tiff,UKRAINE_KONOTOP_2020-07-15_2020-07-27-1-0-0-6.tiff,UKRAINE_KONOTOP_2020-07-15_2020-07-27-2-0-0-6.tiff
UKRAINE_KONOTOP_2020-07-15_2020-07-27-0-0-0-7.tiff,UKRAINE_KONOTOP_2020-07-15_2020-07-27-1-0-0-7.tiff,UKRAINE_KONOTOP_2020-07-15_2020-07-27-2-0-0-7.tiff
UKRAINE_KONOTOP_2020-07-15_2020-07-27-0-0-1-0.tiff,UKRAINE_KONOTOP_2020-07-15_2020-07-27-1-0-1-0.tiff,UKRAINE_KONOTOP_2020-07-15_2020-07-27-2-0-1-0.tiff
UKRAINE_KONOTOP_2020-07-15_2020-07-27-0-0-1-1.tiff,UKRAINE_KONOTOP_2020-07-15_2020-07-27-1-0-1-1.tiff,UKRAINE_KONOTOP_2020-07-15_2020-07-27-2-0-1-1.tiff
UKRAINE_KONOTOP_2020-07-15_2020-07-27-0-0-1-2.tiff,UKRAINE_KONOTOP_2020-07-15_2020-07-27-1-0-1-2.tiff,UKRAINE_KONOTOP_2020-07-15_2020-07-27-2-0-1-2.tiff
UKRAINE_KONOTOP_2020-07-15_2020-07-27-0-0-1-4.tiff,UKRAINE_KONOTOP_2020-07-15_2020-07-27-1-0-1-4.tiff,UKRAINE_KONOTOP_2020-07-15_2020-07-27-2-0-1-4.tiff
UKRAINE_KONOTOP_2020-07-15_2020-07-27-0-0-2-0.tiff,UKRAINE_KONOTOP_2020-07-15_2020-07-27-1-0-2-0.tiff,UKRAINE_KONOTOP_2020-07-15_2020-07-27-2-0-2-0.tiff
UKRAINE_KONOTOP_2020-07-15_2020-07-27-0-0-2-1.tiff,UKRAINE_KONOTOP_2020-07-15_2020-07-27-1-0-2-1.tiff,UKRAINE_KONOTOP_2020-07-15_2020-07-27-2-0-2-1.tiff
UKRAINE_KONOTOP_2020-07-15_2020-07-27-0-0-2-2.tiff,UKRAINE_KONOTOP_2020-07-15_2020-07-27-1-0-2-2.tiff,UKRAINE_KONOTOP_2020-07-15_2020-07-27-2-0-2-2.tiff
UKRAINE_KONOTOP_2020-07-15_2020-07-27-0-0-2-5.tiff,UKRAINE_KONOTOP_2020-07-15_2020-07-27-1-0-2-5.tiff,UKRAINE_KONOTOP_2020-07-15_2020-07-27-2-0-2-5.tiff
UKRAINE_KONOTOP_2020-07-15_2020-07-27-0-0-2-7.tiff,UKRAINE_KONOTOP_2020-07-15_2020-07-27-1-0-2-7.tiff,UKRAINE_KONOTOP_2020-07-15_2020-07-27-2-0-2-7.tiff
UKRAINE_KONOTOP_2020-07-15_2020-07-27-0-0-3-0.tiff,UKRAINE_KONOTOP_2020-07-15_2020-07-27-1-0-3-0.tiff,UKRAINE_KONOTOP_2020-07-15_2020-07-27-2-0-3-0.tiff
UKRAINE_KONOTOP_2020-07-15_2020-07-27-0-0-3-1.tiff,UKRAINE_KONOTOP_2020-07-15_2020-07-27-1-0-3-1.tiff,UKRAINE_KONOTOP_2020-07-15_2020-07-27-2-0-3-1.tiff
UKRAINE_KONOTOP_2020-07-15_2020-07-27-0-0-3-2.tiff,UKRAINE_KONOTOP_2020-07-15_2020-07-27-1-0-3-2.tiff,UKRAINE_KONOTOP_2020-07-15_2020-07-27-2-0-3-2.tiff
UKRAINE_KONOTOP_2020-07-15_2020-07-27-0-0-3-4.tiff,UKRAINE_KONOTOP_2020-07-15_2020-07-27-1-0-3-4.tiff,UKRAINE_KONOTOP_2020-07-15_2020-07-27-2-0-3-4.tiff
UKRAINE_KONOTOP_2020-07-15_2020-07-27-0-0-3-6.tiff,UKRAINE_KONOTOP_2020-07-15_2020-07-27-1-0-3-6.tiff,UKRAINE_KONOTOP_2020-07-15_2020-07-27-2-0-3-6.tiff
UKRAINE_KONOTOP_2020-07-15_2020-07-27-0-0-3-8.tiff,UKRAINE_KONOTOP_2020-07-15_2020-07-27-1-0-3-8.tiff,UKRAINE_KONOTOP_2020-07-15_2020-07-27-2-0-3-8.tiff
UKRAINE_KONOTOP_2020-07-15_2020-07-27-0-0-4-1.tiff,UKRAINE_KONOTOP_2020-07-15_2020-07-27-1-0-4-1.tiff,UKRAINE_KONOTOP_2020-07-15_2020-07-27-2-0-4-1.tiff
UKRAINE_KONOTOP_2020-07-15_2020-07-27-0-0-4-2.tiff,UKRAINE_KONOTOP_2020-07-15_2020-07-27-1-0-4-2.tiff,UKRAINE_KONOTOP_2020-07-15_2020-07-27-2-0-4-2.tiff
UKRAINE_KONOTOP_2020-07-15_2020-07-27-0-0-4-3.tiff,UKRAINE_KONOTOP_2020-07-15_2020-07-27-1-0-4-3.tiff,UKRAINE_KONOTOP_2020-07-15_2020-07-27-2-0-4-3.tiff
UKRAINE_KONOTOP_2020-07-15_2020-07-27-0-0-4-4.tiff,UKRAINE_KONOTOP_2020-07-15_2020-07-27-1-0-4-4.tiff,UKRAINE_KONOTOP_2020-07-15_2020-07-27-2-0-4-4.tiff
UKRAINE_KONOTOP_2020-07-15_2020-07-27-0-0-4-5.tiff,UKRAINE_KONOTOP_2020-07-15_2020-07-27-1-0-4-5.tiff,UKRAINE_KONOTOP_2020-07-15_2020-07-27-2-0-4-5.tiff
UKRAINE_KONOTOP_2020-07-15_2020-07-27-0-0-5-0.tiff,UKRAINE_KONOTOP_2020-07-15_2020-07-27-1-0-5-0.tiff,UKRAINE_KONOTOP_2020-07-15_2020-07-27-2-0-5-0.tiff
UKRAINE_KONOTOP_2020-07-15_2020-07-27-0-0-5-1.tiff,UKRAINE_KONOTOP_2020-07-15_2020-07-27-1-0-5-1.tiff,UKRAINE_KONOTOP_2020-07-15_2020-07-27-2-0-5-1.tiff
UKRAINE_KONOTOP_2020-07-15_2020-07-27-0-0-5-2.tiff,UKRAINE_KONOTOP_2020-07-15_2020-07-27-1-0-5-2.tiff,UKRAINE_KONOTOP_2020-07-15_2020-07-27-2-0-5-2.tiff
UKRAINE_KONOTOP_2020-07-15_2020-07-27-0-0-5-3.tiff,UKRAINE_KONOTOP_2020-07-15_2020-07-27-1-0-5-3.tiff,UKRAINE_KONOTOP_2020-07-15_2020-07-27-2-0-5-3.tiff
UKRAINE_KONOTOP_2020-07-15_2020-07-27-0-0-5-4.tiff,UKRAINE_KONOTOP_2020-07-15_2020-07-27-1-0-5-4.tiff,UKRAINE_KONOTOP_2020-07-15_2020-07-27-2-0-5-4.tiff
UKRAINE_KONOTOP_2020-07-15_2020-07-27-0-0-5-5.tiff,UKRAINE_KONOTOP_2020-07-15_2020-07-27-1-0-5-5.tiff,UKRAINE_KONOTOP_2020-07-15_2020-07-27-2-0-5-5.tiff
UKRAINE_KONOTOP_2020-07-15_2020-07-27-0-0-5-6.tiff,UKRAINE_KONOTOP_2020-07-15_2020-07-27-1-0-5-6.tiff,UKRAINE_KONOTOP_2020-07-15_2020-07-27-2-0-5-6.tiff
UKRAINE_KONOTOP_2020-07-15_2020-07-27-0-0-6-0.tiff,UKRAINE_KONOTOP_2020-07-15_2020-07-27-1-0-6-0.tiff,UKRAINE_KONOTOP_2020-07-15_2020-07-27-2-0-6-0.tiff
UKRAINE_KONOTOP_2020-07-15_2020-07-27-0-0-6-1.tiff,UKRAINE_KONOTOP_2020-07-15_2020-07-27-1-0-6-1.tiff,UKRAINE_KONOTOP_2020-07-15_2020-07-27-2-0-6-1.tiff
UKRAINE_KONOTOP_2020-07-15_2020-07-27-0-0-6-2.tiff,UKRAINE_KONOTOP_2020-07-15_2020-07-27-1-0-6-2.tiff,UKRAINE_KONOTOP_2020-07-15_2020-07-27-2-0-6-2.tiff
UKRAINE_KONOTOP_2020-07-15_2020-07-27-0-0-6-3.tiff,UKRAINE_KONOTOP_2020-07-15_2020-07-27-1-0-6-3.tiff,UKRAINE_KONOTOP_2020-07-15_2020-07-27-2-0-6-3.tiff
UKRAINE_KONOTOP_2020-07-15_2020-07-27-0-0-6-4.tiff,UKRAINE_KONOTOP_2020-07-15_2020-07-27-1-0-6-4.tiff,UKRAINE_KONOTOP_2020-07-15_2020-07-27-2-0-6-4.tiff
UKRAINE_KONOTOP_2020-07-15_2020-07-27-0-0-6-5.tiff,UKRAINE_KONOTOP_2020-07-15_2020-07-27-1-0-6-5.tiff,UKRAINE_KONOTOP_2020-07-15_2020-07-27-2-0-6-5.tiff
UKRAINE_KONOTOP_2020-07-15_2020-07-27-0-0-6-19.tiff,UKRAINE_KONOTOP_2020-07-15_2020-07-27-1-0-6-19.tiff,UKRAINE_KONOTOP_2020-07-15_2020-07-27-2-0-6-19.tiff
UKRAINE_KONOTOP_2020-07-15_2020-07-27-0-0-7-0.tiff,UKRAINE_KONOTOP_2020-07-15_2020-07-27-1-0-7-0.tiff,UKRAINE_KONOTOP_2020-07-15_2020-07-27-2-0-7-0.tiff
UKRAINE_KONOTOP_2020-07-15_2020-07-27-0-0-7-1.tiff,UKRAINE_KONOTOP_2020-07-15_2020-07-27-1-0-7-1.tiff,UKRAINE_KONOTOP_2020-07-15_2020-07-27-2-0-7-1.tiff
UKRAINE_KONOTOP_2020-07-15_2020-07-27-0-0-7-2.tiff,UKRAINE_KONOTOP_2020-07-15_2020-07-27-1-0-7-2.tiff,UKRAINE_KONOTOP_2020-07-15_2020-07-27-2-0-7-2.tiff
UKRAINE_KONOTOP_2020-07-15_2020-07-27-0-0-7-3.tiff,UKRAINE_KONOTOP_2020-07-15_2020-07-27-1-0-7-3.tiff,UKRAINE_KONOTOP_2020-07-15_2020-07-27-2-0-7-3.tiff
UKRAINE_KONOTOP_2020-07-15_2020-07-27-0-0-7-4.tiff,UKRAINE_KONOTOP_2020-07-15_2020-07-27-1-0-7-4.tiff,UKRAINE_KONOTOP_2020-07-15_2020-07-27-2-0-7-4.tiff
UKRAINE_KONOTOP_2020-07-15_2020-07-27-0-0-7-5.tiff,UKRAINE_KONOTOP_2020-07-15_2020-07-27-1-0-7-5.tiff,UKRAINE_KONOTOP_2020-07-15_2020-07-27-2-0-7-5.tiff
UKRAINE_KONOTOP_2020-07-15_2020-07-27-0-0-7-6.tiff,UKRAINE_KONOTOP_2020-07-15_2020-07-27-1-0-7-6.tiff,UKRAINE_KONOTOP_2020-07-15_2020-07-27-2-0-7-6.tiff
UKRAINE_KONOTOP_2020-07-15_2020-07-27-0-0-8-2.tiff,UKRAINE_KONOTOP_2020-07-15_2020-07-27-1-0-8-2.tiff,UKRAINE_KONOTOP_2020-07-15_2020-07-27-2-0-8-2.tiff
UKRAINE_KONOTOP_2020-07-15_2020-07-27-0-0-8-3.tiff,UKRAINE_KONOTOP_2020-07-15_2020-07-27-1-0-8-3.tiff,UKRAINE_KONOTOP_2020-07-15_2020-07-27-2-0-8-3.tiff
UKRAINE_KONOTOP_2020-07-15_2020-07-27-0-0-8-4.tiff,UKRAINE_KONOTOP_2020-07-15_2020-07-27-1-0-8-4.tiff,UKRAINE_KONOTOP_2020-07-15_2020-07-27-2-0-8-4.tiff
UKRAINE_KONOTOP_2020-07-15_2020-07-27-0-0-8-5.tiff,UKRAINE_KONOTOP_2020-07-15_2020-07-27-1-0-8-5.tiff,UKRAINE_KONOTOP_2020-07-15_2020-07-27-2-0-8-5.tiff
UKRAINE_KONOTOP_2020-07-15_2020-07-27-0-0-8-6.tiff,UKRAINE_KONOTOP_2020-07-15_2020-07-27-1-0-8-6.tiff,UKRAINE_KONOTOP_2020-07-15_2020-07-27-2-0-8-6.tiff
UKRAINE_KONOTOP_2020-07-15_2020-07-27-0-0-9-1.tiff,UKRAINE_KONOTOP_2020-07-15_2020-07-27-1-0-9-1.tiff,UKRAINE_KONOTOP_2020-07-15_2020-07-27-2-0-9-1.tiff
UKRAINE_KONOTOP_2020-07-15_2020-07-27-0-0-9-2.tiff,UKRAINE_KONOTOP_2020-07-15_2020-07-27-1-0-9-2.tiff,UKRAINE_KONOTOP_2020-07-15_2020-07-27-2-0-9-2.tiff
UKRAINE_KONOTOP_2020-07-15_2020-07-27-0-0-10-2.tiff,UKRAINE_KONOTOP_2020-07-15_2020-07-27-1-0-10-2.tiff,UKRAINE_KONOTOP_2020-07-15_2020-07-27-2-0-10-2.tiff
UKRAINE_KONOTOP_2020-07-15_2020-07-27-0-0-11-0.tiff,UKRAINE_KONOTOP_2020-07-15_2020-07-27-1-0-11-0.tiff,UKRAINE_KONOTOP_2020-07-15_2020-07-27-2-0-11-0.tiff
UKRAINE_KONOTOP_2020-07-15_2020-07-27-0-0-11-1.tiff,UKRAINE_KONOTOP_2020-07-15_2020-07-27-1-0-11-1.tiff,UKRAINE_KONOTOP_2020-07-15_2020-07-27-2-0-11-1.tiff
UKRAINE_KONOTOP_2020-07-15_2020-07-27-0-0-11-2.tiff,UKRAINE_KONOTOP_2020-07-15_2020-07-27-1-0-11-2.tiff,UKRAINE_KONOTOP_2020-07-15_2020-07-27-2-0-11-2.tiff
UKRAINE_KONOTOP_2020-07-15_2020-07-27-0-0-11-19.tiff,UKRAINE_KONOTOP_2020-07-15_2020-07-27-1-0-11-19.tiff,UKRAINE_KONOTOP_2020-07-15_2020-07-27-2-0-11-19.tiff
UKRAINE_KONOTOP_2020-07-15_2020-07-27-0-0-12-0.tiff,UKRAINE_KONOTOP_2020-07-15_2020-07-27-1-0-12-0.tiff,UKRAINE_KONOTOP_2020-07-15_2020-07-27-2-0-12-0.tiff
UKRAINE_KONOTOP_2020-07-15_2020-07-27-0-0-12-2.tiff,UKRAINE_KONOTOP_2020-07-15_2020-07-27-1-0-12-2.tiff,UKRAINE_KONOTOP_2020-07-15_2020-07-27-2-0-12-2.tiff
UKRAINE_KONOTOP_2020-07-15_2020-07-27-0-0-12-3.tiff,UKRAINE_KONOTOP_2020-07-15_2020-07-27-1-0-12-3.tiff,UKRAINE_KONOTOP_2020-07-15_2020-07-27-2-0-12-3.tiff
UKRAINE_KONOTOP_2020-07-15_2020-07-27-0-0-12-19.tiff,UKRAINE_KONOTOP_2020-07-15_2020-07-27-1-0-12-19.tiff,UKRAINE_KONOTOP_2020-07-15_2020-07-27-2-0-12-19.tiff
UKRAINE_KONOTOP_2020-07-15_2020-07-27-0-0-13-0.tiff,UKRAINE_KONOTOP_2020-07-15_2020-07-27-1-0-13-0.tiff,UKRAINE_KONOTOP_2020-07-15_2020-07-27-2-0-13-0.tiff
UKRAINE_KONOTOP_2020-07-15_2020-07-27-0-0-13-1.tiff,UKRAINE_KONOTOP_2020-07-15_2020-07-27-1-0-13-1.tiff,UKRAINE_KONOTOP_2020-07-15_2020-07-27-2-0-13-1.tiff
UKRAINE_KONOTOP_2020-07-15_2020-07-27-0-0-13-2.tiff,UKRAINE_KONOTOP_2020-07-15_2020-07-27-1-0-13-2.tiff,UKRAINE_KONOTOP_2020-07-15_2020-07-27-2-0-13-2.tiff
UKRAINE_KONOTOP_2020-07-15_2020-07-27-0-0-13-3.tiff,UKRAINE_KONOTOP_2020-07-15_2020-07-27-1-0-13-3.tiff,UKRAINE_KONOTOP_2020-07-15_2020-07-27-2-0-13-3.tiff
UKRAINE_KONOTOP_2020-07-15_2020-07-27-0-0-14-0.tiff,UKRAINE_KONOTOP_2020-07-15_2020-07-27-1-0-14-0.tiff,UKRAINE_KONOTOP_2020-07-15_2020-07-27-2-0-14-0.tiff
UKRAINE_KONOTOP_2020-07-15_2020-07-27-0-0-14-1.tiff,UKRAINE_KONOTOP_2020-07-15_2020-07-27-1-0-14-1.tiff,UKRAINE_KONOTOP_2020-07-15_2020-07-27-2-0-14-1.tiff
UKRAINE_KONOTOP_2020-07-15_2020-07-27-0-0-14-3.tiff,UKRAINE_KONOTOP_2020-07-15_2020-07-27-1-0-14-3.tiff,UKRAINE_KONOTOP_2020-07-15_2020-07-27-2-0-14-3.tiff
UKRAINE_KONOTOP_2020-07-15_2020-07-27-0-0-15-0.tiff,UKRAINE_KONOTOP_2020-07-15_2020-07-27-1-0-15-0.tiff,UKRAINE_KONOTOP_2020-07-15_2020-07-27-2-0-15-0.tiff
UKRAINE_KONOTOP_2020-07-15_2020-07-27-0-0-15-1.tiff,UKRAINE_KONOTOP_2020-07-15_2020-07-27-1-0-15-1.tiff,UKRAINE_KONOTOP_2020-07-15_2020-07-27-2-0-15-1.tiff
UKRAINE_KONOTOP_2020-07-15_2020-07-27-0-0-15-2.tiff,UKRAINE_KONOTOP_2020-07-15_2020-07-27-1-0-15-2.tiff,UKRAINE_KONOTOP_2020-07-15_2020-07-27-2-0-15-2.tiff
UKRAINE_KONOTOP_2020-07-15_2020-07-27-0-0-15-3.tiff,UKRAINE_KONOTOP_2020-07-15_2020-07-27-1-0-15-3.tiff,UKRAINE_KONOTOP_2020-07-15_2020-07-27-2-0-15-3.tiff
UKRAINE_KONOTOP_2020-07-15_2020-07-27-0-0-16-0.tiff,UKRAINE_KONOTOP_2020-07-15_2020-07-27-1-0-16-0.tiff,UKRAINE_KONOTOP_2020-07-15_2020-07-27-2-0-16-0.tiff
UKRAINE_KONOTOP_2020-07-15_2020-07-27-0-0-16-1.tiff,UKRAINE_KONOTOP_2020-07-15_2020-07-27-1-0-16-1.tiff,UKRAINE_KONOTOP_2020-07-15_2020-07-27-2-0-16-1.tiff
UKRAINE_KONOTOP_2020-07-15_2020-07-27-0-0-16-2.tiff,UKRAINE_KONOTOP_2020-07-15_2020-07-27-1-0-16-2.tiff,UKRAINE_KONOTOP_2020-07-15_2020-07-27-2-0-16-2.tiff
UKRAINE_KONOTOP_2020-07-15_2020-07-27-0-0-16-3.tiff,UKRAINE_KONOTOP_2020-07-15_2020-07-27-1-0-16-3.tiff,UKRAINE_KONOTOP_2020-07-15_2020-07-27-2-0-16-3.tiff
UKRAINE_KONOTOP_2020-07-15_2020-07-27-0-0-16-10.tiff,UKRAINE_KONOTOP_2020-07-15_2020-07-27-1-0-16-10.tiff,UKRAINE_KONOTOP_2020-07-15_2020-07-27-2-0-16-10.tiff
UKRAINE_KONOTOP_2020-07-15_2020-07-27-0-0-17-1.tiff,UKRAINE_KONOTOP_2020-07-15_2020-07-27-1-0-17-1.tiff,UKRAINE_KONOTOP_2020-07-15_2020-07-27-2-0-17-1.tiff
UKRAINE_KONOTOP_2020-07-15_2020-07-27-0-0-17-2.tiff,UKRAINE_KONOTOP_2020-07-15_2020-07-27-1-0-17-2.tiff,UKRAINE_KONOTOP_2020-07-15_2020-07-27-2-0-17-2.tiff
UKRAINE_KONOTOP_2020-07-15_2020-07-27-0-0-17-3.tiff,UKRAINE_KONOTOP_2020-07-15_2020-07-27-1-0-17-3.tiff,UKRAINE_KONOTOP_2020-07-15_2020-07-27-2-0-17-3.tiff
UKRAINE_KONOTOP_2020-07-15_2020-07-27-0-0-17-5.tiff,UKRAINE_KONOTOP_2020-07-15_2020-07-27-1-0-17-5.tiff,UKRAINE_KONOTOP_2020-07-15_2020-07-27-2-0-17-5.tiff
UKRAINE_KONOTOP_2020-07-15_2020-07-27-0-0-17-10.tiff,UKRAINE_KONOTOP_2020-07-15_2020-07-27-1-0-17-10.tiff,UKRAINE_KONOTOP_2020-07-15_2020-07-27-2-0-17-10.tiff
UKRAINE_KONOTOP_2020-07-15_2020-07-27-0-0-18-0.tiff,UKRAINE_KONOTOP_2020-07-15_2020-07-27-1-0-18-0.tiff,UKRAINE_KONOTOP_2020-07-15_2020-07-27-2-0-18-0.tiff
UKRAINE_KONOTOP_2020-07-15_2020-07-27-0-0-18-1.tiff,UKRAINE_KONOTOP_2020-07-15_2020-07-27-1-0-18-1.tiff,UKRAINE_KONOTOP_2020-07-15_2020-07-27-2-0-18-1.tiff
UKRAINE_KONOTOP_2020-07-15_2020-07-27-0-0-18-2.tiff,UKRAINE_KONOTOP_2020-07-15_2020-07-27-1-0-18-2.tiff,UKRAINE_KONOTOP_2020-07-15_2020-07-27-2-0-18-2.tiff
UKRAINE_KONOTOP_2020-07-15_2020-07-27-0-0-18-3.tiff,UKRAINE_KONOTOP_2020-07-15_2020-07-27-1-0-18-3.tiff,UKRAINE_KONOTOP_2020-07-15_2020-07-27-2-0-18-3.tiff
UKRAINE_KONOTOP_2020-07-15_2020-07-27-0-0-18-5.tiff,UKRAINE_KONOTOP_2020-07-15_2020-07-27-1-0-18-5.tiff,UKRAINE_KONOTOP_2020-07-15_2020-07-27-2-0-18-5.tiff
UKRAINE_KONOTOP_2020-07-15_2020-07-27-0-0-18-9.tiff,UKRAINE_KONOTOP_2020-07-15_2020-07-27-1-0-18-9.tiff,UKRAINE_KONOTOP_2020-07-15_2020-07-27-2-0-18-9.tiff
UKRAINE_KONOTOP_2020-07-15_2020-07-27-0-0-18-11.tiff,UKRAINE_KONOTOP_2020-07-15_2020-07-27-1-0-18-11.tiff,UKRAINE_KONOTOP_2020-07-15_2020-07-27-2-0-18-11.tiff
UKRAINE_KONOTOP_2020-07-15_2020-07-27-0-0-19-0.tiff,UKRAINE_KONOTOP_2020-07-15_2020-07-27-1-0-19-0.tiff,UKRAINE_KONOTOP_2020-07-15_2020-07-27-2-0-19-0.tiff
UKRAINE_KONOTOP_2020-07-15_2020-07-27-0-0-19-2.tiff,UKRAINE_KONOTOP_2020-07-15_2020-07-27-1-0-19-2.tiff,UKRAINE_KONOTOP_2020-07-15_2020-07-27-2-0-19-2.tiff
UKRAINE_KONOTOP_2020-07-15_2020-07-27-0-0-19-3.tiff,UKRAINE_KONOTOP_2020-07-15_2020-07-27-1-0-19-3.tiff,UKRAINE_KONOTOP_2020-07-15_2020-07-27-2-0-19-3.tiff
UKRAINE_KONOTOP_2020-07-15_2020-07-27-0-0-19-4.tiff,UKRAINE_KONOTOP_2020-07-15_2020-07-27-1-0-19-4.tiff,UKRAINE_KONOTOP_2020-07-15_2020-07-27-2-0-19-4.tiff
UKRAINE_KONOTOP_2020-07-15_2020-07-27-0-0-19-5.tiff,UKRAINE_KONOTOP_2020-07-15_2020-07-27-1-0-19-5.tiff,UKRAINE_KONOTOP_2020-07-15_2020-07-27-2-0-19-5.tiff
UKRAINE_KONOTOP_2020-07-15_2020-07-27-0-0-19-6.tiff,UKRAINE_KONOTOP_2020-07-15_2020-07-27-1-0-19-6.tiff,UKRAINE_KONOTOP_2020-07-15_2020-07-27-2-0-19-6.tiff
UKRAINE_KONOTOP_2020-07-15_2020-07-27-0-0-19-8.tiff,UKRAINE_KONOTOP_2020-07-15_2020-07-27-1-0-19-8.tiff,UKRAINE_KONOTOP_2020-07-15_2020-07-27-2-0-19-8.tiff
UKRAINE_KONOTOP_2020-07-15_2020-07-27-0-0-19-10.tiff,UKRAINE_KONOTOP_2020-07-15_2020-07-27-1-0-19-10.tiff,UKRAINE_KONOTOP_2020-07-15_2020-07-27-2-0-19-10.tiff
UKRAINE_KONOTOP_2020-07-15_2020-07-27-0-0-19-11.tiff,UKRAINE_KONOTOP_2020-07-15_2020-07-27-1-0-19-11.tiff,UKRAINE_KONOTOP_2020-07-15_2020-07-27-2-0-19-11.tiff
UKRAINE_KONOTOP_2020-07-15_2020-07-27-0-0-20-4.tiff,UKRAINE_KONOTOP_2020-07-15_2020-07-27-1-0-20-4.tiff,UKRAINE_KONOTOP_2020-07-15_2020-07-27-2-0-20-4.tiff
UKRAINE_KONOTOP_2020-07-15_2020-07-27-0-0-20-9.tiff,UKRAINE_KONOTOP_2020-07-15_2020-07-27-1-0-20-9.tiff,UKRAINE_KONOTOP_2020-07-15_2020-07-27-2-0-20-9.tiff
UKRAINE_KONOTOP_2020-07-15_2020-07-27-0-0-20-10.tiff,UKRAINE_KONOTOP_2020-07-15_2020-07-27-1-0-20-10.tiff,UKRAINE_KONOTOP_2020-07-15_2020-07-27-2-0-20-10.tiff
UKRAINE_KONOTOP_2020-07-15_2020-07-27-0-0-20-13.tiff,UKRAINE_KONOTOP_2020-07-15_2020-07-27-1-0-20-13.tiff,UKRAINE_KONOTOP_2020-07-15_2020-07-27-2-0-20-13.tiff
UKRAINE_KONOTOP_2020-07-15_2020-07-27-0-0-21-4.tiff,UKRAINE_KONOTOP_2020-07-15_2020-07-27-1-0-21-4.tiff,UKRAINE_KONOTOP_2020-07-15_2020-07-27-2-0-21-4.tiff
UKRAINE_KONOTOP_2020-07-15_2020-07-27-0-0-21-6.tiff,UKRAINE_KONOTOP_2020-07-15_2020-07-27-1-0-21-6.tiff,UKRAINE_KONOTOP_2020-07-15_2020-07-27-2-0-21-6.tiff
UKRAINE_KONOTOP_2020-07-15_2020-07-27-0-0-21-10.tiff,UKRAINE_KONOTOP_2020-07-15_2020-07-27-1-0-21-10.tiff,UKRAINE_KONOTOP_2020-07-15_2020-07-27-2-0-21-10.tiff
UKRAINE_KONOTOP_2020-07-15_2020-07-27-0-0-21-11.tiff,UKRAINE_KONOTOP_2020-07-15_2020-07-27-1-0-21-11.tiff,UKRAINE_KONOTOP_2020-07-15_2020-07-27-2-0-21-11.tiff
BULGARIA_SUMEN_2020-03-05_2020-03-17-0-0-3-15.tiff,BULGARIA_SUMEN_2020-03-05_2020-03-17-1-0-3-15.tiff,BULGARIA_SUMEN_2020-03-05_2020-03-17-2-0-3-15.tiff
BULGARIA_SUMEN_2020-03-05_2020-03-17-0-0-3-16.tiff,BULGARIA_SUMEN_2020-03-05_2020-03-17-1-0-3-16.tiff,BULGARIA_SUMEN_2020-03-05_2020-03-17-2-0-3-16.tiff
BULGARIA_SUMEN_2020-03-05_2020-03-17-0-0-4-15.tiff,BULGARIA_SUMEN_2020-03-05_2020-03-17-1-0-4-15.tiff,BULGARIA_SUMEN_2020-03-05_2020-03-17-2-0-4-15.tiff
BULGARIA_SUMEN_2020-03-05_2020-03-17-0-0-4-16.tiff,BULGARIA_SUMEN_2020-03-05_2020-03-17-1-0-4-16.tiff,BULGARIA_SUMEN_2020-03-05_2020-03-17-2-0-4-16.tiff
BULGARIA_SUMEN_2020-03-05_2020-03-17-0-0-7-11.tiff,BULGARIA_SUMEN_2020-03-05_2020-03-17-1-0-7-11.tiff,BULGARIA_SUMEN_2020-03-05_2020-03-17-2-0-7-11.tiff
BULGARIA_SUMEN_2020-03-05_2020-03-17-0-0-9-6.tiff,BULGARIA_SUMEN_2020-03-05_2020-03-17-1-0-9-6.tiff,BULGARIA_SUMEN_2020-03-05_2020-03-17-2-0-9-6.tiff
BULGARIA_SUMEN_2020-03-05_2020-03-17-0-0-9-12.tiff,BULGARIA_SUMEN_2020-03-05_2020-03-17-1-0-9-12.tiff,BULGARIA_SUMEN_2020-03-05_2020-03-17-2-0-9-12.tiff
BULGARIA_SUMEN_2020-03-05_2020-03-17-0-0-9-16.tiff,BULGARIA_SUMEN_2020-03-05_2020-03-17-1-0-9-16.tiff,BULGARIA_SUMEN_2020-03-05_2020-03-17-2-0-9-16.tiff
BULGARIA_SUMEN_2020-03-05_2020-03-17-0-0-10-6.tiff,BULGARIA_SUMEN_2020-03-05_2020-03-17-1-0-10-6.tiff,BULGARIA_SUMEN_2020-03-05_2020-03-17-2-0-10-6.tiff
BULGARIA_SUMEN_2020-03-05_2020-03-17-0-0-11-15.tiff,BULGARIA_SUMEN_2020-03-05_2020-03-17-1-0-11-15.tiff,BULGARIA_SUMEN_2020-03-05_2020-03-17-2-0-11-15.tiff
BULGARIA_SUMEN_2020-03-05_2020-03-17-0-0-11-16.tiff,BULGARIA_SUMEN_2020-03-05_2020-03-17-1-0-11-16.tiff,BULGARIA_SUMEN_2020-03-05_2020-03-17-2-0-11-16.tiff
BULGARIA_SUMEN_2020-03-05_2020-03-17-0-0-12-15.tiff,BULGARIA_SUMEN_2020-03-05_2020-03-17-1-0-12-15.tiff,BULGARIA_SUMEN_2020-03-05_2020-03-17-2-0-12-15.tiff
BULGARIA_SUMEN_2020-03-05_2020-03-17-0-0-14-15.tiff,BULGARIA_SUMEN_2020-03-05_2020-03-17-1-0-14-15.tiff,BULGARIA_SUMEN_2020-03-05_2020-03-17-2-0-14-15.tiff
BULGARIA_SUMEN_2020-03-05_2020-03-17-0-0-14-16.tiff,BULGARIA_SUMEN_2020-03-05_2020-03-17-1-0-14-16.tiff,BULGARIA_SUMEN_2020-03-05_2020-03-17-2-0-14-16.tiff
BULGARIA_SUMEN_2020-03-05_2020-03-17-0-0-15-15.tiff,BULGARIA_SUMEN_2020-03-05_2020-03-17-1-0-15-15.tiff,BULGARIA_SUMEN_2020-03-05_2020-03-17-2-0-15-15.tiff
BULGARIA_SUMEN_2020-03-05_2020-03-17-0-0-15-16.tiff,BULGARIA_SUMEN_2020-03-05_2020-03-17-1-0-15-16.tiff,BULGARIA_SUMEN_2020-03-05_2020-03-17-2-0-15-16.tiff
BULGARIA_SUMEN_2020-03-05_2020-03-17-0-0-16-16.tiff,BULGARIA_SUMEN_2020-03-05_2020-03-17-1-0-16-16.tiff,BULGARIA_SUMEN_2020-03-05_2020-03-17-2-0-16-16.tiff
BULGARIA_SUMEN_2020-03-05_2020-03-17-0-0-17-15.tiff,BULGARIA_SUMEN_2020-03-05_2020-03-17-1-0-17-15.tiff,BULGARIA_SUMEN_2020-03-05_2020-03-17-2-0-17-15.tiff
BULGARIA_SUMEN_2020-03-05_2020-03-17-0-0-17-16.tiff,BULGARIA_SUMEN_2020-03-05_2020-03-17-1-0-17-16.tiff,BULGARIA_SUMEN_2020-03-05_2020-03-17-2-0-17-16.tiff
SWEDEN_MALMO_2020-04-10_2020-04-22-0-0-0-10.tiff,SWEDEN_MALMO_2020-04-10_2020-04-22-1-0-0-10.tiff,SWEDEN_MALMO_2020-04-10_2020-04-22-2-0-0-10.tiff
SWEDEN_MALMO_2020-04-10_2020-04-22-0-0-4-15.tiff,SWEDEN_MALMO_2020-04-10_2020-04-22-1-0-4-15.tiff,SWEDEN_MALMO_2020-04-10_2020-04-22-2-0-4-15.tiff
DENMARK_HOLSTEBRO_2018-07-06_2018-07-18-0-0-0-4.tiff,DENMARK_HOLSTEBRO_2018-07-06_2018-07-18-1-0-0-4.tiff,DENMARK_HOLSTEBRO_2018-07-06_2018-07-18-2-0-0-4.tiff
DENMARK_HOLSTEBRO_2018-07-06_2018-07-18-0-0-0-26.tiff,DENMARK_HOLSTEBRO_2018-07-06_2018-07-18-1-0-0-26.tiff,DENMARK_HOLSTEBRO_2018-07-06_2018-07-18-2-0-0-26.tiff
DENMARK_HOLSTEBRO_2018-07-06_2018-07-18-0-0-0-27.tiff,DENMARK_HOLSTEBRO_2018-07-06_2018-07-18-1-0-0-27.tiff,DENMARK_HOLSTEBRO_2018-07-06_2018-07-18-2-0-0-27.tiff
DENMARK_HOLSTEBRO_2018-07-06_2018-07-18-0-0-0-28.tiff,DENMARK_HOLSTEBRO_2018-07-06_2018-07-18-1-0-0-28.tiff,DENMARK_HOLSTEBRO_2018-07-06_2018-07-18-2-0-0-28.tiff
DENMARK_HOLSTEBRO_2018-07-06_2018-07-18-0-0-1-4.tiff,DENMARK_HOLSTEBRO_2018-07-06_2018-07-18-1-0-1-4.tiff,DENMARK_HOLSTEBRO_2018-07-06_2018-07-18-2-0-1-4.tiff
DENMARK_HOLSTEBRO_2018-07-06_2018-07-18-0-0-1-5.tiff,DENMARK_HOLSTEBRO_2018-07-06_2018-07-18-1-0-1-5.tiff,DENMARK_HOLSTEBRO_2018-07-06_2018-07-18-2-0-1-5.tiff
DENMARK_HOLSTEBRO_2018-07-06_2018-07-18-0-0-1-6.tiff,DENMARK_HOLSTEBRO_2018-07-06_2018-07-18-1-0-1-6.tiff,DENMARK_HOLSTEBRO_2018-07-06_2018-07-18-2-0-1-6.tiff
DENMARK_HOLSTEBRO_2018-07-06_2018-07-18-0-0-1-24.tiff,DENMARK_HOLSTEBRO_2018-07-06_2018-07-18-1-0-1-24.tiff,DENMARK_HOLSTEBRO_2018-07-06_2018-07-18-2-0-1-24.tiff
DENMARK_HOLSTEBRO_2018-07-06_2018-07-18-0-0-2-4.tiff,DENMARK_HOLSTEBRO_2018-07-06_2018-07-18-1-0-2-4.tiff,DENMARK_HOLSTEBRO_2018-07-06_2018-07-18-2-0-2-4.tiff
DENMARK_HOLSTEBRO_2018-07-06_2018-07-18-0-0-2-5.tiff,DENMARK_HOLSTEBRO_2018-07-06_2018-07-18-1-0-2-5.tiff,DENMARK_HOLSTEBRO_2018-07-06_2018-07-18-2-0-2-5.tiff
DENMARK_HOLSTEBRO_2018-07-06_2018-07-18-0-0-2-6.tiff,DENMARK_HOLSTEBRO_2018-07-06_2018-07-18-1-0-2-6.tiff,DENMARK_HOLSTEBRO_2018-07-06_2018-07-18-2-0-2-6.tiff
DENMARK_HOLSTEBRO_2018-07-06_2018-07-18-0-0-2-15.tiff,DENMARK_HOLSTEBRO_2018-07-06_2018-07-18-1-0-2-15.tiff,DENMARK_HOLSTEBRO_2018-07-06_2018-07-18-2-0-2-15.tiff
DENMARK_HOLSTEBRO_2018-07-06_2018-07-18-0-0-2-16.tiff,DENMARK_HOLSTEBRO_2018-07-06_2018-07-18-1-0-2-16.tiff,DENMARK_HOLSTEBRO_2018-07-06_2018-07-18-2-0-2-16.tiff
DENMARK_HOLSTEBRO_2018-07-06_2018-07-18-0-0-3-6.tiff,DENMARK_HOLSTEBRO_2018-07-06_2018-07-18-1-0-3-6.tiff,DENMARK_HOLSTEBRO_2018-07-06_2018-07-18-2-0-3-6.tiff
DENMARK_HOLSTEBRO_2018-07-06_2018-07-18-0-0-3-7.tiff,DENMARK_HOLSTEBRO_2018-07-06_2018-07-18-1-0-3-7.tiff,DENMARK_HOLSTEBRO_2018-07-06_2018-07-18-2-0-3-7.tiff
DENMARK_HOLSTEBRO_2018-07-06_2018-07-18-0-0-3-9.tiff,DENMARK_HOLSTEBRO_2018-07-06_2018-07-18-1-0-3-9.tiff,DENMARK_HOLSTEBRO_2018-07-06_2018-07-18-2-0-3-9.tiff
DENMARK_HOLSTEBRO_2018-07-06_2018-07-18-0-0-3-10.tiff,DENMARK_HOLSTEBRO_2018-07-06_2018-07-18-1-0-3-10.tiff,DENMARK_HOLSTEBRO_2018-07-06_2018-07-18-2-0-3-10.tiff
DENMARK_HOLSTEBRO_2018-07-06_2018-07-18-0-0-3-12.tiff,DENMARK_HOLSTEBRO_2018-07-06_2018-07-18-1-0-3-12.tiff,DENMARK_HOLSTEBRO_2018-07-06_2018-07-18-2-0-3-12.tiff
DENMARK_HOLSTEBRO_2018-07-06_2018-07-18-0-0-3-13.tiff,DENMARK_HOLSTEBRO_2018-07-06_2018-07-18-1-0-3-13.tiff,DENMARK_HOLSTEBRO_2018-07-06_2018-07-18-2-0-3-13.tiff
DENMARK_HOLSTEBRO_2018-07-06_2018-07-18-0-0-3-14.tiff,DENMARK_HOLSTEBRO_2018-07-06_2018-07-18-1-0-3-14.tiff,DENMARK_HOLSTEBRO_2018-07-06_2018-07-18-2-0-3-14.tiff
DENMARK_HOLSTEBRO_2018-07-06_2018-07-18-0-0-3-15.tiff,DENMARK_HOLSTEBRO_2018-07-06_2018-07-18-1-0-3-15.tiff,DENMARK_HOLSTEBRO_2018-07-06_2018-07-18-2-0-3-15.tiff
DENMARK_HOLSTEBRO_2018-07-06_2018-07-18-0-0-3-16.tiff,DENMARK_HOLSTEBRO_2018-07-06_2018-07-18-1-0-3-16.tiff,DENMARK_HOLSTEBRO_2018-07-06_2018-07-18-2-0-3-16.tiff
DENMARK_HOLSTEBRO_2018-07-06_2018-07-18-0-0-4-6.tiff,DENMARK_HOLSTEBRO_2018-07-06_2018-07-18-1-0-4-6.tiff,DENMARK_HOLSTEBRO_2018-07-06_2018-07-18-2-0-4-6.tiff
DENMARK_HOLSTEBRO_2018-07-06_2018-07-18-0-0-4-7.tiff,DENMARK_HOLSTEBRO_2018-07-06_2018-07-18-1-0-4-7.tiff,DENMARK_HOLSTEBRO_2018-07-06_2018-07-18-2-0-4-7.tiff
DENMARK_HOLSTEBRO_2018-07-06_2018-07-18-0-0-4-8.tiff,DENMARK_HOLSTEBRO_2018-07-06_2018-07-18-1-0-4-8.tiff,DENMARK_HOLSTEBRO_2018-07-06_2018-07-18-2-0-4-8.tiff
DENMARK_HOLSTEBRO_2018-07-06_2018-07-18-0-0-4-9.tiff,DENMARK_HOLSTEBRO_2018-07-06_2018-07-18-1-0-4-9.tiff,DENMARK_HOLSTEBRO_2018-07-06_2018-07-18-2-0-4-9.tiff
DENMARK_HOLSTEBRO_2018-07-06_2018-07-18-0-0-4-10.tiff,DENMARK_HOLSTEBRO_2018-07-06_2018-07-18-1-0-4-10.tiff,DENMARK_HOLSTEBRO_2018-07-06_2018-07-18-2-0-4-10.tiff
DENMARK_HOLSTEBRO_2018-07-06_2018-07-18-0-0-4-11.tiff,DENMARK_HOLSTEBRO_2018-07-06_2018-07-18-1-0-4-11.tiff,DENMARK_HOLSTEBRO_2018-07-06_2018-07-18-2-0-4-11.tiff
DENMARK_HOLSTEBRO_2018-07-06_2018-07-18-0-0-4-12.tiff,DENMARK_HOLSTEBRO_2018-07-06_2018-07-18-1-0-4-12.tiff,DENMARK_HOLSTEBRO_2018-07-06_2018-07-18-2-0-4-12.tiff
DENMARK_HOLSTEBRO_2018-07-06_2018-07-18-0-0-4-13.tiff,DENMARK_HOLSTEBRO_2018-07-06_2018-07-18-1-0-4-13.tiff,DENMARK_HOLSTEBRO_2018-07-06_2018-07-18-2-0-4-13.tiff
DENMARK_HOLSTEBRO_2018-07-06_2018-07-18-0-0-4-14.tiff,DENMARK_HOLSTEBRO_2018-07-06_2018-07-18-1-0-4-14.tiff,DENMARK_HOLSTEBRO_2018-07-06_2018-07-18-2-0-4-14.tiff
DENMARK_HOLSTEBRO_2018-07-06_2018-07-18-0-0-4-15.tiff,DENMARK_HOLSTEBRO_2018-07-06_2018-07-18-1-0-4-15.tiff,DENMARK_HOLSTEBRO_2018-07-06_2018-07-18-2-0-4-15.tiff
DENMARK_HOLSTEBRO_2018-07-06_2018-07-18-0-0-4-16.tiff,DENMARK_HOLSTEBRO_2018-07-06_2018-07-18-1-0-4-16.tiff,DENMARK_HOLSTEBRO_2018-07-06_2018-07-18-2-0-4-16.tiff
DENMARK_HOLSTEBRO_2018-07-06_2018-07-18-0-0-4-17.tiff,DENMARK_HOLSTEBRO_2018-07-06_2018-07-18-1-0-4-17.tiff,DENMARK_HOLSTEBRO_2018-07-06_2018-07-18-2-0-4-17.tiff
DENMARK_HOLSTEBRO_2018-07-06_2018-07-18-0-0-5-11.tiff,DENMARK_HOLSTEBRO_2018-07-06_2018-07-18-1-0-5-11.tiff,DENMARK_HOLSTEBRO_2018-07-06_2018-07-18-2-0-5-11.tiff
DENMARK_HOLSTEBRO_2018-07-06_2018-07-18-0-0-5-12.tiff,DENMARK_HOLSTEBRO_2018-07-06_2018-07-18-1-0-5-12.tiff,DENMARK_HOLSTEBRO_2018-07-06_2018-07-18-2-0-5-12.tiff
DENMARK_HOLSTEBRO_2018-07-06_2018-07-18-0-0-5-13.tiff,DENMARK_HOLSTEBRO_2018-07-06_2018-07-18-1-0-5-13.tiff,DENMARK_HOLSTEBRO_2018-07-06_2018-07-18-2-0-5-13.tiff
DENMARK_HOLSTEBRO_2018-07-06_2018-07-18-0-0-5-14.tiff,DENMARK_HOLSTEBRO_2018-07-06_2018-07-18-1-0-5-14.tiff,DENMARK_HOLSTEBRO_2018-07-06_2018-07-18-2-0-5-14.tiff
DENMARK_HOLSTEBRO_2018-07-06_2018-07-18-0-0-5-15.tiff,DENMARK_HOLSTEBRO_2018-07-06_2018-07-18-1-0-5-15.tiff,DENMARK_HOLSTEBRO_2018-07-06_2018-07-18-2-0-5-15.tiff
DENMARK_HOLSTEBRO_2018-07-06_2018-07-18-0-0-5-16.tiff,DENMARK_HOLSTEBRO_2018-07-06_2018-07-18-1-0-5-16.tiff,DENMARK_HOLSTEBRO_2018-07-06_2018-07-18-2-0-5-16.tiff
DENMARK_HOLSTEBRO_2018-07-06_2018-07-18-0-0-5-17.tiff,DENMARK_HOLSTEBRO_2018-07-06_2018-07-18-1-0-5-17.tiff,DENMARK_HOLSTEBRO_2018-07-06_2018-07-18-2-0-5-17.tiff
DENMARK_HOLSTEBRO_2018-07-06_2018-07-18-0-0-6-10.tiff,DENMARK_HOLSTEBRO_2018-07-06_2018-07-18-1-0-6-10.tiff,DENMARK_HOLSTEBRO_2018-07-06_2018-07-18-2-0-6-10.tiff
DENMARK_HOLSTEBRO_2018-07-06_2018-07-18-0-0-6-12.tiff,DENMARK_HOLSTEBRO_2018-07-06_2018-07-18-1-0-6-12.tiff,DENMARK_HOLSTEBRO_2018-07-06_2018-07-18-2-0-6-12.tiff
DENMARK_HOLSTEBRO_2018-07-06_2018-07-18-0-0-6-13.tiff,DENMARK_HOLSTEBRO_2018-07-06_2018-07-18-1-0-6-13.tiff,DENMARK_HOLSTEBRO_2018-07-06_2018-07-18-2-0-6-13.tiff
DENMARK_HOLSTEBRO_2018-07-06_2018-07-18-0-0-6-14.tiff,DENMARK_HOLSTEBRO_2018-07-06_2018-07-18-1-0-6-14.tiff,DENMARK_HOLSTEBRO_2018-07-06_2018-07-18-2-0-6-14.tiff
DENMARK_HOLSTEBRO_2018-07-06_2018-07-18-0-0-6-15.tiff,DENMARK_HOLSTEBRO_2018-07-06_2018-07-18-1-0-6-15.tiff,DENMARK_HOLSTEBRO_2018-07-06_2018-07-18-2-0-6-15.tiff
DENMARK_HOLSTEBRO_2018-07-06_2018-07-18-0-0-6-16.tiff,DENMARK_HOLSTEBRO_2018-07-06_2018-07-18-1-0-6-16.tiff,DENMARK_HOLSTEBRO_2018-07-06_2018-07-18-2-0-6-16.tiff
DENMARK_HOLSTEBRO_2018-07-06_2018-07-18-0-0-6-17.tiff,DENMARK_HOLSTEBRO_2018-07-06_2018-07-18-1-0-6-17.tiff,DENMARK_HOLSTEBRO_2018-07-06_2018-07-18-2-0-6-17.tiff
DENMARK_HOLSTEBRO_2018-07-06_2018-07-18-0-0-6-18.tiff,DENMARK_HOLSTEBRO_2018-07-06_2018-07-18-1-0-6-18.tiff,DENMARK_HOLSTEBRO_2018-07-06_2018-07-18-2-0-6-18.tiff
DENMARK_HOLSTEBRO_2018-07-06_2018-07-18-0-0-6-19.tiff,DENMARK_HOLSTEBRO_2018-07-06_2018-07-18-1-0-6-19.tiff,DENMARK_HOLSTEBRO_2018-07-06_2018-07-18-2-0-6-19.tiff
DENMARK_HOLSTEBRO_2018-07-06_2018-07-18-0-0-6-23.tiff,DENMARK_HOLSTEBRO_2018-07-06_2018-07-18-1-0-6-23.tiff,DENMARK_HOLSTEBRO_2018-07-06_2018-07-18-2-0-6-23.tiff
DENMARK_HOLSTEBRO_2018-07-06_2018-07-18-0-0-7-14.tiff,DENMARK_HOLSTEBRO_2018-07-06_2018-07-18-1-0-7-14.tiff,DENMARK_HOLSTEBRO_2018-07-06_2018-07-18-2-0-7-14.tiff
DENMARK_HOLSTEBRO_2018-07-06_2018-07-18-0-0-7-15.tiff,DENMARK_HOLSTEBRO_2018-07-06_2018-07-18-1-0-7-15.tiff,DENMARK_HOLSTEBRO_2018-07-06_2018-07-18-2-0-7-15.tiff
DENMARK_HOLSTEBRO_2018-07-06_2018-07-18-0-0-7-16.tiff,DENMARK_HOLSTEBRO_2018-07-06_2018-07-18-1-0-7-16.tiff,DENMARK_HOLSTEBRO_2018-07-06_2018-07-18-2-0-7-16.tiff
DENMARK_HOLSTEBRO_2018-07-06_2018-07-18-0-0-7-17.tiff,DENMARK_HOLSTEBRO_2018-07-06_2018-07-18-1-0-7-17.tiff,DENMARK_HOLSTEBRO_2018-07-06_2018-07-18-2-0-7-17.tiff
DENMARK_HOLSTEBRO_2018-07-06_2018-07-18-0-0-7-18.tiff,DENMARK_HOLSTEBRO_2018-07-06_2018-07-18-1-0-7-18.tiff,DENMARK_HOLSTEBRO_2018-07-06_2018-07-18-2-0-7-18.tiff
DENMARK_HOLSTEBRO_2018-07-06_2018-07-18-0-0-7-20.tiff,DENMARK_HOLSTEBRO_2018-07-06_2018-07-18-1-0-7-20.tiff,DENMARK_HOLSTEBRO_2018-07-06_2018-07-18-2-0-7-20.tiff
DENMARK_HOLSTEBRO_2018-07-06_2018-07-18-0-0-7-21.tiff,DENMARK_HOLSTEBRO_2018-07-06_2018-07-18-1-0-7-21.tiff,DENMARK_HOLSTEBRO_2018-07-06_2018-07-18-2-0-7-21.tiff
DENMARK_HOLSTEBRO_2018-07-06_2018-07-18-0-0-7-23.tiff,DENMARK_HOLSTEBRO_2018-07-06_2018-07-18-1-0-7-23.tiff,DENMARK_HOLSTEBRO_2018-07-06_2018-07-18-2-0-7-23.tiff
DENMARK_HOLSTEBRO_2018-07-06_2018-07-18-0-0-8-15.tiff,DENMARK_HOLSTEBRO_2018-07-06_2018-07-18-1-0-8-15.tiff,DENMARK_HOLSTEBRO_2018-07-06_2018-07-18-2-0-8-15.tiff
DENMARK_HOLSTEBRO_2018-07-06_2018-07-18-0-0-8-17.tiff,DENMARK_HOLSTEBRO_2018-07-06_2018-07-18-1-0-8-17.tiff,DENMARK_HOLSTEBRO_2018-07-06_2018-07-18-2-0-8-17.tiff
DENMARK_HOLSTEBRO_2018-07-06_2018-07-18-0-0-8-18.tiff,DENMARK_HOLSTEBRO_2018-07-06_2018-07-18-1-0-8-18.tiff,DENMARK_HOLSTEBRO_2018-07-06_2018-07-18-2-0-8-18.tiff
DENMARK_HOLSTEBRO_2018-07-06_2018-07-18-0-0-8-19.tiff,DENMARK_HOLSTEBRO_2018-07-06_2018-07-18-1-0-8-19.tiff,DENMARK_HOLSTEBRO_2018-07-06_2018-07-18-2-0-8-19.tiff
DENMARK_HOLSTEBRO_2018-07-06_2018-07-18-0-0-8-20.tiff,DENMARK_HOLSTEBRO_2018-07-06_2018-07-18-1-0-8-20.tiff,DENMARK_HOLSTEBRO_2018-07-06_2018-07-18-2-0-8-20.tiff
DENMARK_HOLSTEBRO_2018-07-06_2018-07-18-0-0-8-21.tiff,DENMARK_HOLSTEBRO_2018-07-06_2018-07-18-1-0-8-21.tiff,DENMARK_HOLSTEBRO_2018-07-06_2018-07-18-2-0-8-21.tiff
DENMARK_HOLSTEBRO_2018-07-06_2018-07-18-0-0-8-22.tiff,DENMARK_HOLSTEBRO_2018-07-06_2018-07-18-1-0-8-22.tiff,DENMARK_HOLSTEBRO_2018-07-06_2018-07-18-2-0-8-22.tiff
DENMARK_HOLSTEBRO_2018-07-06_2018-07-18-0-0-8-23.tiff,DENMARK_HOLSTEBRO_2018-07-06_2018-07-18-1-0-8-23.tiff,DENMARK_HOLSTEBRO_2018-07-06_2018-07-18-2-0-8-23.tiff
DENMARK_HOLSTEBRO_2018-07-06_2018-07-18-0-0-8-24.tiff,DENMARK_HOLSTEBRO_2018-07-06_2018-07-18-1-0-8-24.tiff,DENMARK_HOLSTEBRO_2018-07-06_2018-07-18-2-0-8-24.tiff
DENMARK_HOLSTEBRO_2018-07-06_2018-07-18-0-0-9-11.tiff,DENMARK_HOLSTEBRO_2018-07-06_2018-07-18-1-0-9-11.tiff,DENMARK_HOLSTEBRO_2018-07-06_2018-07-18-2-0-9-11.tiff
DENMARK_HOLSTEBRO_2018-07-06_2018-07-18-0-0-9-18.tiff,DENMARK_HOLSTEBRO_2018-07-06_2018-07-18-1-0-9-18.tiff,DENMARK_HOLSTEBRO_2018-07-06_2018-07-18-2-0-9-18.tiff
DENMARK_HOLSTEBRO_2018-07-06_2018-07-18-0-0-9-19.tiff,DENMARK_HOLSTEBRO_2018-07-06_2018-07-18-1-0-9-19.tiff,DENMARK_HOLSTEBRO_2018-07-06_2018-07-18-2-0-9-19.tiff
DENMARK_HOLSTEBRO_2018-07-06_2018-07-18-0-0-9-20.tiff,DENMARK_HOLSTEBRO_2018-07-06_2018-07-18-1-0-9-20.tiff,DENMARK_HOLSTEBRO_2018-07-06_2018-07-18-2-0-9-20.tiff
DENMARK_HOLSTEBRO_2018-07-06_2018-07-18-0-0-9-21.tiff,DENMARK_HOLSTEBRO_2018-07-06_2018-07-18-1-0-9-21.tiff,DENMARK_HOLSTEBRO_2018-07-06_2018-07-18-2-0-9-21.tiff
DENMARK_HOLSTEBRO_2018-07-06_2018-07-18-0-0-9-22.tiff,DENMARK_HOLSTEBRO_2018-07-06_2018-07-18-1-0-9-22.tiff,DENMARK_HOLSTEBRO_2018-07-06_2018-07-18-2-0-9-22.tiff
DENMARK_HOLSTEBRO_2018-07-06_2018-07-18-0-0-9-23.tiff,DENMARK_HOLSTEBRO_2018-07-06_2018-07-18-1-0-9-23.tiff,DENMARK_HOLSTEBRO_2018-07-06_2018-07-18-2-0-9-23.tiff
DENMARK_HOLSTEBRO_2018-07-06_2018-07-18-0-0-9-24.tiff,DENMARK_HOLSTEBRO_2018-07-06_2018-07-18-1-0-9-24.tiff,DENMARK_HOLSTEBRO_2018-07-06_2018-07-18-2-0-9-24.tiff
DENMARK_HOLSTEBRO_2018-07-06_2018-07-18-0-0-10-11.tiff,DENMARK_HOLSTEBRO_2018-07-06_2018-07-18-1-0-10-11.tiff,DENMARK_HOLSTEBRO_2018-07-06_2018-07-18-2-0-10-11.tiff
DENMARK_HOLSTEBRO_2018-07-06_2018-07-18-0-0-10-13.tiff,DENMARK_HOLSTEBRO_2018-07-06_2018-07-18-1-0-10-13.tiff,DENMARK_HOLSTEBRO_2018-07-06_2018-07-18-2-0-10-13.tiff
DENMARK_HOLSTEBRO_2018-07-06_2018-07-18-0-0-10-14.tiff,DENMARK_HOLSTEBRO_2018-07-06_2018-07-18-1-0-10-14.tiff,DENMARK_HOLSTEBRO_2018-07-06_2018-07-18-2-0-10-14.tiff
DENMARK_HOLSTEBRO_2018-07-06_2018-07-18-0-0-10-20.tiff,DENMARK_HOLSTEBRO_2018-07-06_2018-07-18-1-0-10-20.tiff,DENMARK_HOLSTEBRO_2018-07-06_2018-07-18-2-0-10-20.tiff
DENMARK_HOLSTEBRO_2018-07-06_2018-07-18-0-0-10-21.tiff,DENMARK_HOLSTEBRO_2018-07-06_2018-07-18-1-0-10-21.tiff,DENMARK_HOLSTEBRO_2018-07-06_2018-07-18-2-0-10-21.tiff
DENMARK_HOLSTEBRO_2018-07-06_2018-07-18-0-0-10-22.tiff,DENMARK_HOLSTEBRO_2018-07-06_2018-07-18-1-0-10-22.tiff,DENMARK_HOLSTEBRO_2018-07-06_2018-07-18-2-0-10-22.tiff
DENMARK_HOLSTEBRO_2018-07-06_2018-07-18-0-0-10-23.tiff,DENMARK_HOLSTEBRO_2018-07-06_2018-07-18-1-0-10-23.tiff,DENMARK_HOLSTEBRO_2018-07-06_2018-07-18-2-0-10-23.tiff
DENMARK_HOLSTEBRO_2018-07-06_2018-07-18-0-0-10-24.tiff,DENMARK_HOLSTEBRO_2018-07-06_2018-07-18-1-0-10-24.tiff,DENMARK_HOLSTEBRO_2018-07-06_2018-07-18-2-0-10-24.tiff
DENMARK_HOLSTEBRO_2018-07-06_2018-07-18-0-0-10-25.tiff,DENMARK_HOLSTEBRO_2018-07-06_2018-07-18-1-0-10-25.tiff,DENMARK_HOLSTEBRO_2018-07-06_2018-07-18-2-0-10-25.tiff
DENMARK_HOLSTEBRO_2018-07-06_2018-07-18-0-0-10-26.tiff,DENMARK_HOLSTEBRO_2018-07-06_2018-07-18-1-0-10-26.tiff,DENMARK_HOLSTEBRO_2018-07-06_2018-07-18-2-0-10-26.tiff
DENMARK_HOLSTEBRO_2018-07-06_2018-07-18-0-0-11-11.tiff,DENMARK_HOLSTEBRO_2018-07-06_2018-07-18-1-0-11-11.tiff,DENMARK_HOLSTEBRO_2018-07-06_2018-07-18-2-0-11-11.tiff
DENMARK_HOLSTEBRO_2018-07-06_2018-07-18-0-0-11-13.tiff,DENMARK_HOLSTEBRO_2018-07-06_2018-07-18-1-0-11-13.tiff,DENMARK_HOLSTEBRO_2018-07-06_2018-07-18-2-0-11-13.tiff
DENMARK_HOLSTEBRO_2018-07-06_2018-07-18-0-0-11-14.tiff,DENMARK_HOLSTEBRO_2018-07-06_2018-07-18-1-0-11-14.tiff,DENMARK_HOLSTEBRO_2018-07-06_2018-07-18-2-0-11-14.tiff
DENMARK_HOLSTEBRO_2018-07-06_2018-07-18-0-0-11-18.tiff,DENMARK_HOLSTEBRO_2018-07-06_2018-07-18-1-0-11-18.tiff,DENMARK_HOLSTEBRO_2018-07-06_2018-07-18-2-0-11-18.tiff
DENMARK_HOLSTEBRO_2018-07-06_2018-07-18-0-0-11-19.tiff,DENMARK_HOLSTEBRO_2018-07-06_2018-07-18-1-0-11-19.tiff,DENMARK_HOLSTEBRO_2018-07-06_2018-07-18-2-0-11-19.tiff
DENMARK_HOLSTEBRO_2018-07-06_2018-07-18-0-0-11-21.tiff,DENMARK_HOLSTEBRO_2018-07-06_2018-07-18-1-0-11-21.tiff,DENMARK_HOLSTEBRO_2018-07-06_2018-07-18-2-0-11-21.tiff
DENMARK_HOLSTEBRO_2018-07-06_2018-07-18-0-0-11-22.tiff,DENMARK_HOLSTEBRO_2018-07-06_2018-07-18-1-0-11-22.tiff,DENMARK_HOLSTEBRO_2018-07-06_2018-07-18-2-0-11-22.tiff
DENMARK_HOLSTEBRO_2018-07-06_2018-07-18-0-0-11-23.tiff,DENMARK_HOLSTEBRO_2018-07-06_2018-07-18-1-0-11-23.tiff,DENMARK_HOLSTEBRO_2018-07-06_2018-07-18-2-0-11-23.tiff
DENMARK_HOLSTEBRO_2018-07-06_2018-07-18-0-0-11-24.tiff,DENMARK_HOLSTEBRO_2018-07-06_2018-07-18-1-0-11-24.tiff,DENMARK_HOLSTEBRO_2018-07-06_2018-07-18-2-0-11-24.tiff
DENMARK_HOLSTEBRO_2018-07-06_2018-07-18-0-0-11-25.tiff,DENMARK_HOLSTEBRO_2018-07-06_2018-07-18-1-0-11-25.tiff,DENMARK_HOLSTEBRO_2018-07-06_2018-07-18-2-0-11-25.tiff
DENMARK_HOLSTEBRO_2018-07-06_2018-07-18-0-0-11-26.tiff,DENMARK_HOLSTEBRO_2018-07-06_2018-07-18-1-0-11-26.tiff,DENMARK_HOLSTEBRO_2018-07-06_2018-07-18-2-0-11-26.tiff
DENMARK_HOLSTEBRO_2018-07-06_2018-07-18-0-0-11-27.tiff,DENMARK_HOLSTEBRO_2018-07-06_2018-07-18-1-0-11-27.tiff,DENMARK_HOLSTEBRO_2018-07-06_2018-07-18-2-0-11-27.tiff
DENMARK_HOLSTEBRO_2018-07-06_2018-07-18-0-0-11-28.tiff,DENMARK_HOLSTEBRO_2018-07-06_2018-07-18-1-0-11-28.tiff,DENMARK_HOLSTEBRO_2018-07-06_2018-07-18-2-0-11-28.tiff
DENMARK_HOLSTEBRO_2018-07-06_2018-07-18-0-0-12-7.tiff,DENMARK_HOLSTEBRO_2018-07-06_2018-07-18-1-0-12-7.tiff,DENMARK_HOLSTEBRO_2018-07-06_2018-07-18-2-0-12-7.tiff
DENMARK_HOLSTEBRO_2018-07-06_2018-07-18-0-0-12-8.tiff,DENMARK_HOLSTEBRO_2018-07-06_2018-07-18-1-0-12-8.tiff,DENMARK_HOLSTEBRO_2018-07-06_2018-07-18-2-0-12-8.tiff
DENMARK_HOLSTEBRO_2018-07-06_2018-07-18-0-0-12-11.tiff,DENMARK_HOLSTEBRO_2018-07-06_2018-07-18-1-0-12-11.tiff,DENMARK_HOLSTEBRO_2018-07-06_2018-07-18-2-0-12-11.tiff
DENMARK_HOLSTEBRO_2018-07-06_2018-07-18-0-0-12-12.tiff,DENMARK_HOLSTEBRO_2018-07-06_2018-07-18-1-0-12-12.tiff,DENMARK_HOLSTEBRO_2018-07-06_2018-07-18-2-0-12-12.tiff
DENMARK_HOLSTEBRO_2018-07-06_2018-07-18-0-0-12-22.tiff,DENMARK_HOLSTEBRO_2018-07-06_2018-07-18-1-0-12-22.tiff,DENMARK_HOLSTEBRO_2018-07-06_2018-07-18-2-0-12-22.tiff
DENMARK_HOLSTEBRO_2018-07-06_2018-07-18-0-0-12-23.tiff,DENMARK_HOLSTEBRO_2018-07-06_2018-07-18-1-0-12-23.tiff,DENMARK_HOLSTEBRO_2018-07-06_2018-07-18-2-0-12-23.tiff
DENMARK_HOLSTEBRO_2018-07-06_2018-07-18-0-0-12-25.tiff,DENMARK_HOLSTEBRO_2018-07-06_2018-07-18-1-0-12-25.tiff,DENMARK_HOLSTEBRO_2018-07-06_2018-07-18-2-0-12-25.tiff
DENMARK_HOLSTEBRO_2018-07-06_2018-07-18-0-0-12-26.tiff,DENMARK_HOLSTEBRO_2018-07-06_2018-07-18-1-0-12-26.tiff,DENMARK_HOLSTEBRO_2018-07-06_2018-07-18-2-0-12-26.tiff
DENMARK_HOLSTEBRO_2018-07-06_2018-07-18-0-0-12-27.tiff,DENMARK_HOLSTEBRO_2018-07-06_2018-07-18-1-0-12-27.tiff,DENMARK_HOLSTEBRO_2018-07-06_2018-07-18-2-0-12-27.tiff
DENMARK_HOLSTEBRO_2018-07-06_2018-07-18-0-0-12-28.tiff,DENMARK_HOLSTEBRO_2018-07-06_2018-07-18-1-0-12-28.tiff,DENMARK_HOLSTEBRO_2018-07-06_2018-07-18-2-0-12-28.tiff
DENMARK_HOLSTEBRO_2018-07-06_2018-07-18-0-0-13-2.tiff,DENMARK_HOLSTEBRO_2018-07-06_2018-07-18-1-0-13-2.tiff,DENMARK_HOLSTEBRO_2018-07-06_2018-07-18-2-0-13-2.tiff
DENMARK_HOLSTEBRO_2018-07-06_2018-07-18-0-0-13-5.tiff,DENMARK_HOLSTEBRO_2018-07-06_2018-07-18-1-0-13-5.tiff,DENMARK_HOLSTEBRO_2018-07-06_2018-07-18-2-0-13-5.tiff
DENMARK_HOLSTEBRO_2018-07-06_2018-07-18-0-0-13-6.tiff,DENMARK_HOLSTEBRO_2018-07-06_2018-07-18-1-0-13-6.tiff,DENMARK_HOLSTEBRO_2018-07-06_2018-07-18-2-0-13-6.tiff
DENMARK_HOLSTEBRO_2018-07-06_2018-07-18-0-0-13-10.tiff,DENMARK_HOLSTEBRO_2018-07-06_2018-07-18-1-0-13-10.tiff,DENMARK_HOLSTEBRO_2018-07-06_2018-07-18-2-0-13-10.tiff
DENMARK_HOLSTEBRO_2018-07-06_2018-07-18-0-0-13-11.tiff,DENMARK_HOLSTEBRO_2018-07-06_2018-07-18-1-0-13-11.tiff,DENMARK_HOLSTEBRO_2018-07-06_2018-07-18-2-0-13-11.tiff
DENMARK_HOLSTEBRO_2018-07-06_2018-07-18-0-0-13-12.tiff,DENMARK_HOLSTEBRO_2018-07-06_2018-07-18-1-0-13-12.tiff,DENMARK_HOLSTEBRO_2018-07-06_2018-07-18-2-0-13-12.tiff
DENMARK_HOLSTEBRO_2018-07-06_2018-07-18-0-0-13-15.tiff,DENMARK_HOLSTEBRO_2018-07-06_2018-07-18-1-0-13-15.tiff,DENMARK_HOLSTEBRO_2018-07-06_2018-07-18-2-0-13-15.tiff
DENMARK_HOLSTEBRO_2018-07-06_2018-07-18-0-0-13-26.tiff,DENMARK_HOLSTEBRO_2018-07-06_2018-07-18-1-0-13-26.tiff,DENMARK_HOLSTEBRO_2018-07-06_2018-07-18-2-0-13-26.tiff
DENMARK_HOLSTEBRO_2018-07-06_2018-07-18-0-0-13-27.tiff,DENMARK_HOLSTEBRO_2018-07-06_2018-07-18-1-0-13-27.tiff,DENMARK_HOLSTEBRO_2018-07-06_2018-07-18-2-0-13-27.tiff
DENMARK_HOLSTEBRO_2018-07-06_2018-07-18-0-0-13-28.tiff,DENMARK_HOLSTEBRO_2018-07-06_2018-07-18-1-0-13-28.tiff,DENMARK_HOLSTEBRO_2018-07-06_2018-07-18-2-0-13-28.tiff
DENMARK_HOLSTEBRO_2018-07-06_2018-07-18-0-0-14-0.tiff,DENMARK_HOLSTEBRO_2018-07-06_2018-07-18-1-0-14-0.tiff,DENMARK_HOLSTEBRO_2018-07-06_2018-07-18-2-0-14-0.tiff
DENMARK_HOLSTEBRO_2018-07-06_2018-07-18-0-0-14-1.tiff,DENMARK_HOLSTEBRO_2018-07-06_2018-07-18-1-0-14-1.tiff,DENMARK_HOLSTEBRO_2018-07-06_2018-07-18-2-0-14-1.tiff
DENMARK_HOLSTEBRO_2018-07-06_2018-07-18-0-0-14-2.tiff,DENMARK_HOLSTEBRO_2018-07-06_2018-07-18-1-0-14-2.tiff,DENMARK_HOLSTEBRO_2018-07-06_2018-07-18-2-0-14-2.tiff
DENMARK_HOLSTEBRO_2018-07-06_2018-07-18-0-0-14-4.tiff,DENMARK_HOLSTEBRO_2018-07-06_2018-07-18-1-0-14-4.tiff,DENMARK_HOLSTEBRO_2018-07-06_2018-07-18-2-0-14-4.tiff
DENMARK_HOLSTEBRO_2018-07-06_2018-07-18-0-0-14-5.tiff,DENMARK_HOLSTEBRO_2018-07-06_2018-07-18-1-0-14-5.tiff,DENMARK_HOLSTEBRO_2018-07-06_2018-07-18-2-0-14-5.tiff
DENMARK_HOLSTEBRO_2018-07-06_2018-07-18-0-0-14-6.tiff,DENMARK_HOLSTEBRO_2018-07-06_2018-07-18-1-0-14-6.tiff,DENMARK_HOLSTEBRO_2018-07-06_2018-07-18-2-0-14-6.tiff
DENMARK_HOLSTEBRO_2018-07-06_2018-07-18-0-0-14-10.tiff,DENMARK_HOLSTEBRO_2018-07-06_2018-07-18-1-0-14-10.tiff,DENMARK_HOLSTEBRO_2018-07-06_2018-07-18-2-0-14-10.tiff
DENMARK_HOLSTEBRO_2018-07-06_2018-07-18-0-0-14-11.tiff,DENMARK_HOLSTEBRO_2018-07-06_2018-07-18-1-0-14-11.tiff,DENMARK_HOLSTEBRO_2018-07-06_2018-07-18-2-0-14-11.tiff
DENMARK_HOLSTEBRO_2018-07-06_2018-07-18-0-0-14-12.tiff,DENMARK_HOLSTEBRO_2018-07-06_2018-07-18-1-0-14-12.tiff,DENMARK_HOLSTEBRO_2018-07-06_2018-07-18-2-0-14-12.tiff
DENMARK_HOLSTEBRO_2018-07-06_2018-07-18-0-0-14-13.tiff,DENMARK_HOLSTEBRO_2018-07-06_2018-07-18-1-0-14-13.tiff,DENMARK_HOLSTEBRO_2018-07-06_2018-07-18-2-0-14-13.tiff
DENMARK_HOLSTEBRO_2018-07-06_2018-07-18-0-0-14-14.tiff,DENMARK_HOLSTEBRO_2018-07-06_2018-07-18-1-0-14-14.tiff,DENMARK_HOLSTEBRO_2018-07-06_2018-07-18-2-0-14-14.tiff
DENMARK_HOLSTEBRO_2018-07-06_2018-07-18-0-0-14-15.tiff,DENMARK_HOLSTEBRO_2018-07-06_2018-07-18-1-0-14-15.tiff,DENMARK_HOLSTEBRO_2018-07-06_2018-07-18-2-0-14-15.tiff
DENMARK_HOLSTEBRO_2018-07-06_2018-07-18-0-0-14-16.tiff,DENMARK_HOLSTEBRO_2018-07-06_2018-07-18-1-0-14-16.tiff,DENMARK_HOLSTEBRO_2018-07-06_2018-07-18-2-0-14-16.tiff
DENMARK_HOLSTEBRO_2018-07-06_2018-07-18-0-0-14-25.tiff,DENMARK_HOLSTEBRO_2018-07-06_2018-07-18-1-0-14-25.tiff,DENMARK_HOLSTEBRO_2018-07-06_2018-07-18-2-0-14-25.tiff
DENMARK_HOLSTEBRO_2018-07-06_2018-07-18-0-0-14-26.tiff,DENMARK_HOLSTEBRO_2018-07-06_2018-07-18-1-0-14-26.tiff,DENMARK_HOLSTEBRO_2018-07-06_2018-07-18-2-0-14-26.tiff
DENMARK_HOLSTEBRO_2018-07-06_2018-07-18-0-0-14-27.tiff,DENMARK_HOLSTEBRO_2018-07-06_2018-07-18-1-0-14-27.tiff,DENMARK_HOLSTEBRO_2018-07-06_2018-07-18-2-0-14-27.tiff
DENMARK_HOLSTEBRO_2018-07-06_2018-07-18-0-0-14-28.tiff,DENMARK_HOLSTEBRO_2018-07-06_2018-07-18-1-0-14-28.tiff,DENMARK_HOLSTEBRO_2018-07-06_2018-07-18-2-0-14-28.tiff
BULGARIA_SUMEN_2019-12-10_2019-12-22-0-0-4-17.tiff,BULGARIA_SUMEN_2019-12-10_2019-12-22-1-0-4-17.tiff,BULGARIA_SUMEN_2019-12-10_2019-12-22-2-0-4-17.tiff
BULGARIA_SUMEN_2019-12-10_2019-12-22-0-0-4-18.tiff,BULGARIA_SUMEN_2019-12-10_2019-12-22-1-0-4-18.tiff,BULGARIA_SUMEN_2019-12-10_2019-12-22-2-0-4-18.tiff
